{
   "type":"resource",
   "name":"无恒锭",
   "description":"无恒锭材料非常非常多。但它都有好处。",
   "color":"9966ff",
   "explosiveness":"0",
   "flammability":"0",
   "hardness":"15800",
   "cost":"1",
   "alwaysUnlocked":"true"
   "radioactivity": 0,
	"frames":35,
	"transitionFrames":1,
	"frameTime":2,
	
  "type":"ArtilleryBulletType",
  "speed":5.00,
  "damage":100000,
  "knockback":1.00,
  "lifetime":20.00,
  "width":25.00,
  "height":100.00,
  "collidesTiles":true,
  "splashDamageRadius":1500,
  "splashDamage":350.00,
}