{
    "type": "MassDriver",
    "name": "幽破驱动引擎",
    "description": "专用的太空引擎抛射.
[grey]*开机中...
[grey]发射器设置上升中...
[grey]安装电力系统中...
[green]安装完毕 | 发射器设置完毕 | 开始工作
[orange]网络地图发现了有不明生物
[red]网络地图发现了对面是帝国主义!
[red]*装备已破坏
[red]*电力系统已破坏
[grey]*再见......",
    "requirements": [
        { "item": "plastanium", "amount":320},
        { "item": "phase-fabric", "amount": 180 },
        { "item": "metaglass", "amount": 350 },
        { "item": "silicon","amount":350},
        { "item": "thorium","amount":620},
        { "item": "lead","amount":1000},
        { "item": "surge-alloy","amount":180},
        { "item": "titanium","amount":580},
    ],
    "size":3,
    "health" : 15200,
    "reloadTime":160,
    //重载时间
    "itemCapacity": 1000,
    //物品容量
    "range": 2400,//xxx÷8
    //范围
    "bulletSpeed": 60,
    //子弹飞行速度
    "consumes": {
        "power": 8.6,
    },
    "research":"mass-driver"
}