{
	"name": "绿墨钻头",
	"description": "?????",
	"type": "SolidPump",
	"health": 1250,
	"size": 3,
	"tier": 5,
	"floating":true,
	"baseExplosiveness":60,
	"rotateSpeed":6,
	"warmupSpeed":0.12,
	"itemCapacity": 20,
	"liquidCapacity": 36,  
	"canOverdrive": false,
	"drawRim":true,
	"hasItems": true,
	"consumes": {
	"power":3.2,  
	},
	"result":"oil",
	"pumpAmount": 3.8,
    "baseEfficiency": 5.5,
    "attribute": "oil",
	"requirements": [
		{ "item": "copper", "amount": 580 },
		{ "item": "titanium", "amount": 225 },
		{ "item": "silicon", "amount": 190 },
		{ "item": "thorium", "amount": 310  },
		{ "item": "lead", "amount": 440  },
		{"item": "metaglass", "amount" : 120  }
	],
	"category": "production",
	"research": "oil-extractor"
}