{
   "name":"1",
   "description":"像偷家一样的飞船",
   "flying":true,
   "speed":2.0
   "hitSize":60	
   "lightRadius": 350,	
   "groundLayer": 75,
   "health": 356000
   "armor":8000.0
   "itemCapacity":20
   "engineOffset": 42.00,
   "mechFrontSway":0.55
   "commandLimit":8
   "ammoCapacity":500,
   "ammoResupplyAmount":50,
   "mineTier":8
   "mineSpeed":125.5
   "buildSpeed":50
   "weapons":[
      {"name":"死亡之光",
            "reload": 10.00,
            "x": 0,
            "y":-60
            "rotate": false,
            "shake": 1.00,
            "shots": 4,
            "inaccuracy": 5.00,
            "velocityRnd": 0.20,
            "mirror":false
            "bullet": {
         "type": "LaserBulletType",
    "damage": 6000,
    "colors": ["00F5FF", "98F5FF", "97FFFF"],
    "hitSize": 90,
    "lifetime": 65.00,
    "drawSize": 400.00,
    "collidesAir": true,
    "length": 1500.00,
    "ammoMultiplier": 1.00
                         "type" : "LaserBulletType",
                    "length" : 1500,//长
                    "damage" : 2600,//伤害
                    "width" : 90,//宽
                    "despawnEffect":"none"//特效
                    "lifetime" : 65,//存在时间
                    "hitEffect":"hitLancer"//特效
                    "lightningSpacing" : 35,//伴随的闪电的间距
                    "lightningLength" : 5,//伴随的闪电的长度
                    "lightningDelay" : 1.1,//伴随闪电的延迟？，没测过也许是持续时间
                    "lightningLengthRand" : 15,//长度带？？？我不懂
                    "lightningDamage" : 50,//闪电的伤害
                    "lightningAngleRand" : 40,//角度带？？？我不懂
                    "lightningSpacing" : 35,//伴随的闪电的间距
                    "lightningLength" : 5,//伴随的闪电的长度
                    "lightningDelay" : 1.1,//伴随闪电的延迟
                    "lightningLengthRand" : 15,//闪电长度的变化距离
                    "lightningDamage" : 250,//闪电的伤害
                    "lightningAngleRand" : 40,//闪电偏转角度带范围
                }
            }
    {
       "name":"㦯庫の眼"
            "reload": 8.50,
            "x": 165,
            "y":-100
            "rotate": true,
            "shake": 1.00,
            "shots": 1,
            "inaccuracy": 5.00,
            "velocityRnd": 0.20,
            "mirror":false
            "bullet": {
        "type" : "PointBulletType",
        "damage": 1250
        "length": 1500
            "type": "PointBulletType",
            "trailSpacing": 20.0,
            "speed": 500,
            "hitShake": 6.0,
            "ammoMultiplier": 1,
            "shootEffect": "instShoot",
            "hitEffect": "instHit",
            "trailEffect": "instTrail",
            "despawnEffect": "instBomb",
            "smokeEffect": "smokeCloud"
"fragBullet": {
        // 在这里写
    }
                }
              }
    {
       "name":"㦯庫の眼"
            "reload": 8.50,
            "x": -165,
            "y":-100
            "rotate": true,
            "shake": 1.00,
            "shots": 1,
            "inaccuracy": 5.00,
            "velocityRnd": 0.20,
            "mirror":false
            "bullet": {
        "type" : "PointBulletType",
        "damage": 1250
        "length": 1500
            "type": "PointBulletType",
            "trailSpacing": 20.0,
            "speed": 500,
            "hitShake": 6.0,
            "ammoMultiplier": 1,
            "shootEffect": "instShoot",
            "hitEffect": "instHit",
            "trailEffect": "instTrail",
            "despawnEffect": "instBomb",
            "smokeEffect": "smokeCloud"
                }
              }
  ]
     "abilities":[
    {
        "type": "RepairFieldAbility"
        "amount": 350
        "reload": 10
        "range": 600
        }
    {
        "type": "UnitSpawnAbility"
        "unit": "斩风"
        "spawnTime": 45.0
        "spawnX": 0
        "spawnY": -165
    }
{
        "type": "ForceFieldAbility"
        "radius": 395.0
        "regen": 25.50
        "max": 4500.0
        "cooldown": 60.0
    }
    {
        "type": "StatusFieldAbility"
        "effect": "invincible"
        "duration": 60.0
        "reload": 720.0
        "range": 800.0
    }
{
        "type": "StatusFieldAbility"
        "effect": "overclock"
        "duration": 360.0
        "reload": 360.0
        "range": 500.0
    }
]
}