{
"type": "mech",
"name":"锋芒",
"description":"量产型机器人，有着较强的攻击能力",
"flying":false,
"speed":1.6
"hitSize":8
"health": 325,
"itemCapacity":25
"commandLimit":8
"ammoCapacity":500,
"ammoResupplyAmount":50,
"weapons":[
{
  "name":"激光"
  "x":4
  "y":-2
  "top": false
  "rotate":false
  "mirror":true
  "reload": 10,
  "shootSound":"none",
  "ejectEffect":"casing1"
  "shots": 1,
  "inaccuracy":0
  "alternate":true,
  "ignoreRotation": false,
  "bullet":{
    "type": "sapBulletType",
    "sapStrength": 0.90,
    "length": 120.0,
    "damage": 20,
    "shootEffect": "shootSmall",
    "hitColor": "bf92f9",
    "despawnEffect": "none",
    "width": 0.64,
    "lifetime": 35.0,
    "knockback": -1.24
            }
        }
    {
      "name":"激光1"
      "x":0
      "y":0
      "top":false
      "rotate":false
      "mirror":false
         "bullet":{
    "type": "LiquidBulletType",
    "damage": 6,
    "drag": 0.01,
    "liquid": "slag",  // <- 这个一定要写
    "status": "burning",
    "ammoMultiplier": 1,
    "lifetime": 25.00,
    "statusDuration": 120.00,
    "knockback": 0.36,
    "displayAmmoMultiplier": false
        }
    }
    ]
        "abilities": [
    {
        "type": "RepairFieldAbility"
        "amount": 50
        "reload": 80
        "range": 80
    }
]
}