{
    "name" : "GisDim",
    "description" : "这飞机......欧糟!?傻孩子们,快跑!!!!"

    "hardness" : 150,
    "mineTier" : 15,
    "mineSpeed": 25,//挖掘速度, 越小越
    "rotateShooting": true,//单位旋转时可否射击
    "payloadCapacity" : 4,//荷载上限(即携带方块之和最大面积上限)
    "buildSpeed" : 13,//建造速度, 越小越慢
    "itemCapacity" : 100,

    "immunities":["blasted","burning","electrified","freezing","melting","muddy","sapped","shocked","slow","tarred","unmoving","wet","spore-slowed","corroded"],
    "health" : 650,
    "speed": 1.5,
    "accel": 4.5,
    "drag": 28,//不知, 实验结果是越高移速越慢
    "flying": true, //是否能飞行
    "range": 85,//检测范围
    "hitSize" : 2.5,//碰撞箱
    "lowAltitude" : 2.5,//实际没什么用, 可能和影子有关
    "forceMultiTarget" : 1.5,
    "armor" : 15,//护甲值
    "engineOffset" : 3.9,//引擎偏移(-y)
    "engineSize" : 3.8,//尾部喷焰大小
    "engineColor": "89A0FF",//尾部喷焰颜色
    
    "weapons":[
        {
            "name":"轨道激光",
            "y":0,
            "x":0,
            "shootY":2.2,
            "ejectEffect":"casing1",
            "reload":165,
            //射速
            "targetAir" : true,
            "recoil":0.8,
            "shake":0,
            "shootSound": "shoot",
            "rotate":false,
            "top":false,
            "mirror":false,
            "bullet": {
                "type" : "LaserBulletType",
                   "length" : 250,
                    "damage" : 220,
                    "width" : 15,
              "despawnEffect":"none"
                    "lifetime" : 85,
              "hitEffect":"hitLancer"
                }
                },
       ]
}