{
    "name" : "Gunship",
    "description" : "[white]Gunship
[white]武装直升机
[white]Energy:  150
[white]能量:  150
[white]Armored fighter designed to attack medium ships.
[white]设计用于攻击中型舰船的装甲战斗机.
[grey]这个飞机来自国外小游戏<obliterate everything 2>的模型,在T1第一行第四单位的飞机."

    "hardness" : 150,
    "mineTier" : 10,
    "mineSpeed": 15,//挖掘速度, 越小越
    "rotateShooting": true,//单位旋转时可否射击
    "payloadCapacity" : 4,//荷载上限(即携带方块之和最大面积上限)
    "buildSpeed" : 10,//建造速度, 越小越慢
    "itemCapacity" : 100,

    "immunities":["blasted","burning","electrified","freezing","melting","muddy","sapped","shocked","slow","tarred","unmoving","wet","spore-slowed","corroded"],
    "health" : 450,
    "speed": 2.5,
    "accel": 4.5,
    "drag": 12,//不知, 实验结果是越高移速越慢
    "flying": true, //是否能飞行
    "range": 35,//检测范围
    "hitSize" : 2.5,//碰撞箱
    "lowAltitude" : 2.5,//实际没什么用, 可能和影子有关
    "forceMultiTarget" : 1.5,
    "armor" : 10,//护甲值
    "engineOffset" : 3.5,//引擎偏移(-y)
    "engineSize" : 4.5,//尾部喷焰大小
    "engineColor": "89A0FF",//尾部喷焰颜色
    
    "weapons":[
        {
            "name":"管炮",
            "y":0,
            "x":2.5,
            "shootY":2.2,
            "ejectEffect":"casing1",
            "reload":15,
            //射速
            "targetAir" : true,
            "recoil":0.8,
            "shake":0,
            "shootSound": "shoot",
            "rotate":false,
            "top":false,
            "mirror":false,
            "bullet": {
                "type": "BasicBulletType",
                "damage":25,
                "width":8,
                "height":12,
                "lifetime":100,
                "speed":9,
                "shootEffect": "shootSmallSmoke",
                }
                },
        {
            "name":"管炮",
            "y":0,
            "x":-2.5,
            "shootY":2.2,
            "ejectEffect":"casing1",
            "reload":15,
            //射速
            "targetAir" : true,
            "recoil":0.8,
            "shake":0,
            "shootSound": "shoot",
            "rotate":false,
            "top":false,
            "mirror":false,
            "bullet": {
                "type": "BasicBulletType",
                "damage":25,
                "width":8,
                "height":12,
                "lifetime":100,
                "speed":9,
                "shootEffect": "shootSmallSmoke",
                }
            },
            {
           "name":"管弹"
           "x":0,
           "y":0,
           "top":false
           "rotate":false
           "reload":45,
           "mirror":false
           "shots":1
           "inaccuracy": 5.00,
           "velocityRnd": 0.10,
           "hasPower":true,
           "homingRange" : 180,
           "bullet": {
             "type":"MissileBulletType"
                "speed": 9.85,
                "damage": 150.00,
                "shrinkY": 0.00,
                "drag": -0.003,
                "homingRange": 660,
                "keepVelocity": false,
                "splashDamageRadius": 50.00,
                "splashDamage": 35.00,
                "lifetime": 130.00
         }
       },
       ]
}