{
    "name" : "MursilFiliean",
    "description" : "这些飞机飞这么快啊?等等,好像不对劲啊,欧糟!?傻孩子们!!!快跑!!!是个轰炸机!!!(<消逝的儿子>来自屑mkrd，目前正在给游戏添加description)",
    "hardness" : 150,
    "mineTier" : 10,
    "mineSpeed": 15,//挖掘速度, 越小越
    "rotateShooting": true,//单位旋转时可否射击
    "payloadCapacity" : 4,//荷载上限(即携带方块之和最大面积上限)
    "buildSpeed" : 10,//建造速度, 越小越慢
    "itemCapacity" : 100,

    "immunities":["blasted","burning","electrified","freezing","melting","muddy","sapped","shocked","slow","tarred","unmoving","wet","spore-slowed","corroded"],
    "health" : 175,
    "speed": 4.5,
    "accel": 4.5,
    "drag": 6,//不知, 实验结果是越高移速越慢
    "flying": true, //是否能飞行
    "range": 15,//检测范围
    "hitSize" : 3.5,//碰撞箱
    "lowAltitude" : 2.5,//实际没什么用, 可能和影子有关
    "forceMultiTarget" : 1.5,
    "armor" : 10,//护甲值
    "engineOffset" : 3.5,//引擎偏移(-y)
    "engineSize" : 4.5,//尾部喷焰大小
    "engineColor": "89A0FF",//尾部喷焰颜色
    
    "weapons" : [
    {
    "x" : 0,
    "y" : 0,
    "top": false,
    "rotate":false,
    "mirror":true,
            "bullet": {
    "type": "BombBulletType",
    "lifetime": 10.0,
    "speed": 1.0,
    "splashDamageRadius": 223.0,
    "splashDamage": 155.0,
    "instantDisappear": true,
    "killShooter": true,
    "hittable": false,
    "collidesAir": true,
            },
        },
    ],
}