{
    "name" : "MusTert",
    "description" : "[white]//1100101101100010011100111
[orange]10111000101001110100111100010011101100100
[red]0011010110001010110110110010100111000110011000111001010011100101010011000101011
[red]???**?*??*???*???***???*
[green]开机完毕...继续去工作"

    "controller" : "MinerAI",
    "mineTier" : 10,
    "mineSpeed":30,//挖掘速度, 越小越
    "rotateShooting": true,//单位旋转时可否射击
    "payloadCapacity" : 4,//荷载上限(即携带方块之和最大面积上限)
    "buildSpeed" : 10,//建造速度, 越小越慢
    "itemCapacity" : 100,
    "immunities":["blasted","burning","electrified","freezing","melting","muddy","sapped","shocked","slow","tarred","unmoving","wet","spore-slowed","corroded"],
    "health" : 500,
    "speed": 2.5,
    "accel": 4.5,
    "drag": 12,//不知, 实验结果是越高移速越慢
    "flying": true, //是否能飞行
    "range": 65,//检测范围
    "hitSize" : 2.5,//碰撞箱
    "lowAltitude" : 2.5,//实际没什么用, 可能和影子有关
    "forceMultiTarget" : 1.5,
    "armor" : 8,//护甲值
    "engineOffset" : 3.5,//引擎偏移(-y)
    "engineSize" : 3.5,//尾部喷焰大小
    "engineColor": "00EEFFFF",//尾部喷焰颜色

    "weapons" : [
    {
    "type":"RepairBeamWeapon",  
    "mirror": false,
    "alternate": false,
    "rotateSpeed": 3,
    "name": "MusTert-1",
    "x": 0,
    "y": 0,
    "shootY": 1,
    "reload": 1,
    "recoil": 0,
    "shake": 1,
    "rotate": true,
    "shootSound": "laser",
    "laserColor": "3FF9FFFF",
    "controllable": false,
    "autoTarget": true,
    "beamWidth": 0.7,
    "pulseRadius": 6,
    "pulseStroke": 2,
    "repairSpeed": 10.85,
	"bullet": {
	"shootEffect": {
    "type": "ParticleEffect",
    "line": true,
    "particles": 20,
    "offset": 35,
    "lifetime": 22,
    "length": 8950,
    "cone": -360,
    "lenFrom": 5,
    "lenTo": 0,
    "colorFrom": "3FF9FFFF",
    "colorTo": "00DFE7FF"   
    },
	"maxRange": 750,
	    },
	},
	],
    "abilities" : [
        {
    "type": "EnergyFieldAbility",//能力类型
    "damage" : 25,//伤害
    "reload" : 350,//能量场激活间隔
    "range" : 325,//能量场范围
    "status" : "electrified",//被击中的敌军获得效果
    "statusDuration" : 550,//效果持续帧数
    "targetGround" : true,//瞄准陆军
    "targetAir": "true",//瞄准空军
    "hitBuildings" : true,//瞄准建筑物
    "hitUnits" : true,//瞄准单位
    "healPercent" : 400,//恢复友方生命百分比
    "maxTarget" : 5,//最多瞄准数
    "useAmmo" : false,//是否使用子弹
    "color": "0CC380FF",//能量场的主色
            },
    ],
    "research" : "㻰星兵工厂",
}