{ 
   "name":"『Ω』昏恒",
   "description":"花杨永瀛你的童年阴影消不掉了！",
   "flying":true,
   "speed":1.5
   "hitSize":25	
   "lightRadius": 350,	
   "groundLayer": 75,
   "health": 11451400000
   //看这血量
   "armor":114514
   //看这护盾
   "itemCapacity":20
   "mechFrontSway":0.55
   "commandLimit":8
   "ammoCapacity":500,
   "ammoResupplyAmount":50,
   "weapons":[
      {  "name":"引恒"  
         "x":18  
         "y":2  
         "shootY":2  
         "top": false  
         "rotate":true  
         "width":8  
         "shootSound":"shootBig",
         "ejectEffect":"casing2",  
         "reload": 114514  
         "shots": 7  
         "range":55  
         "spacing":7  
         "alternate":true,  
         "ignoreRotation": true,  
         "bullet":{		        
         "incendAmount":2,	          
         "incendSpread":15,
         "incendChance":1
         "speed": 6
         "shootSound":"shootBig",
         "lifetime": 15               
         "damage":4500               
         "width": 7,               
         "beight": 10,               
         "shrinkY":0               
         "knockback":2.5
        }
    },
  
      {  
         "name":"H"  
         "x":0  
         "y":-10  
         "shootY":2  
         "top": false  
         "rotate":false  
         "width":8  
         "hasPower":true,
         "speed": 1,
         "force": 8.00,
         "scaledForce": 7.00,
         "range": 230.00,
         "damage": 250,
    
  }
 ]
}
