{
        "localizedName": "修理兵",
        "type": "flying",
        "controller": "DefenderAI",
	    "description": "none",
        "lowAltitude": true,
        "speed": 3,
        "accel": 0.03,
        "drag": 0.03,
        "outlineColor": "34353EFF",
        "flying": true,
        "health": 1000,
        "hitSize": 13,
        "armor": 5,
        "itemCapacity": 0,
        "engineOffset": 8,
        "range": 200,
        "targetAir": true,
        "commandLimit": 8,
        "faceTarget": true,
	    "weapons": [
	   {
    "type": "RepairBeamWeapon",  
    "mirror": false,
    "alternate": false,
    "rotateSpeed": 3,
    "name": "治疗光束",
    "x": 0,
    "y": 0,
    "shootY": 1,
    "reload": 1,
    "recoil": 0,
    "shake": 1,
    "rotate": true,
    "shootSound": "laser",
    "laserColor": "73FFAEFF",
    "controllable": false,
    "autoTarget": true,
    "beamWidth": 0.7,
    "pulseRadius": 6,
    "pulseStroke": 2,
    "repairSpeed": 6.25,
	"bullet": {
	"shootEffect": {
    "type": "ParticleEffect",
    "line": true,
    "particles": 20,
    "offset": 35,
    "lifetime": 22,
    "length": 2500,
    "cone": -360,
    "lenFrom": 5,
    "lenTo": 0,
    "colorFrom": "73FFAEFF",
    "colorTo": "57D993FF"   
    },
	"maxRange": 300
}
}
]
    "research" : "㻰星兵工厂",
}