 { 
   "localizedName":"塞",
   "description":"看起来很脆，但抗",
   "flying":true,
   "speed":0.5
   "hitSize":10	
   "lightRadius": 2500,	
   "groundLayer": 75,
   "health": 250000
   "armor":1000
   "engineOffset":0
   "engineSize":10
   "itemCapacity":20
   "mechFrontSway":0.55
   "commandLimit":8
   "ammoCapacity":500,
   "ammoResupplyAmount":50,
   "mineTier":3
   "mineSpeed":4.5
   "buildSpeed":4
   "controller": "DefenderAI",
        "lowAltitude": true,
        "accel": 2.00,
        "drag": 4.00,
        "outlineColor": "34353EFF",
        "range": 400,
        "targetAir": true,
        "faceTarget": true,
   "weapons":[
        {
    "name":"修副炮"
    "type": "RepairBeamWeapon",  
    "mirror": true,
    "alternate": false,
    "rotateSpeed": 3,
    "x": 0,
    "y": 0,
    "range":400
    "shootY": 1,
    "reload": 1,
    "recoil": 0,
    "shake": 1,
    "rotate": true,
    "shootSound": "laser",
    "laserColor": "73FFAEFF",
    "controllable": false,
    "autoTarget": true,
    "beamWidth": 0.7,
    "pulseRadius": 6,
    "pulseStroke": 2,
    "repairSpeed": 1.25,
	"bullet": {
	"shootEffect": {
    "type": "ParticleEffect",
    "line": true,
    "particles": 20,
    "offset": 35,
    "lifetime": 22,
    "length": 35,
    "cone": -360,
    "lenFrom": 5,
    "lenTo": 0,
    "colorFrom": "73FFAEFF",
    "colorTo": "57D993FF"   
    },
	"maxRange": 300


}
}
]
	"abilities": [
    {
        "type": "ForceFieldAbility"
        "radius": 300.0
        "regen": 25.0
        "max": 20000.0
        "cooldown": 60.0
    }
   ]
}
