{
    "name" : "帝子-扫塞",
    "type": "flying",
    "mass": 500,
	"description": "[green]要塞的辉煌",
	"speed": 1.2,	
	"drag":2.57,	"accel":0.15,
	"rotateSpeed":4,
	"ammoCapacity": 1600,
    "ammoResupplyAmount":8,
    "itemCapacity" : 10000
    "immunities":["blasted","burning","electrified","freezing","melting","muddy","sapped","shocked","slow","tarred","unmoving","wet","spore-slowed","corroded"],
	"hitSize":65, 
		"lightRadius": 130,
	"lightColor": "FF5845",
	"buildSpeed": 10,
	"engineColor": "73FFAEFF",
	"flying": true,
	"alwaysUnlocked": true,
	"health": 7900000,
	"armor":820,
	    "buildSpeed": 16.5,
    //建筑速度
    "buildBeamOffset":16,
    "mineSpeed": 555,
    //挖矿速度
    "mineTier": 15,
    //挖矿等级
	"engineOffset": 46,
	"engineSize": 27,
	"healFlash" : true,
    "healColor" : "73FFAEFF",
	
	"weapons" : [
	{
	    "name" : "帝子-扫塞-炮1",
	    "x" : 31,
	    "y" : 18,
	    "top" : true,
	    "reload":90,
	    "targetAir" : true,
        "recoil":0.8,
        "shake":0,
        "range": 455.00,
        "shootSound": "shoot",
        "rotate":true,
        "mirror":false
	    "bullet" : {
	    "type": "PointBulletType",
	    "length" : 1580,
            "trailSpacing": 58.0,
            "damage": 1350,
            "buildingDamageMultiplier": 0.30,
            "speed": 500,
            "hitShake": 6.0,
            "ammoMultiplier": 1,
            "shootEffect": "instShoot",
            "hitEffect": "instHit",
            "trailEffect": "instTrail",
            "despawnEffect": "instBomb",
            "smokeEffect": "smokeCloud"
            "backColor":"73FFAEFF",	
                "frontColor":"73FFAEFF",
 	            "heatColor":"73FFAEFF",
	            "trailColor":"73FFAEFF",
	            "status": "electrified",
            },
	},{
	    "name" : "帝子-扫塞-炮1",
	    "x" : -31,
	    "y" : 18,
	    "top" : true,
	    "reload":90,
	    "targetAir" : true,
        "recoil":0.8,
        "shake":0,
        "shootSound": "shoot",
        "rotate":true,
        "mirror":false
        "range": 455.00,
	    "bullet" : {
	    "type": "PointBulletType",
	    "length" : 1580,
            "trailSpacing": 58.0,
            "damage": 1350,
            "buildingDamageMultiplier": 0.30,
            "speed": 500,
            "hitShake": 6.0,
            "ammoMultiplier": 1,
            "shootEffect": "instShoot",
            "hitEffect": "instHit",
            "trailEffect": "instTrail",
            "despawnEffect": "instBomb",
            "smokeEffect": "smokeCloud"
            "backColor":"73FFAEFF",	
                "frontColor":"73FFAEFF",
 	            "heatColor":"73FFAEFF",
	            "trailColor":"73FFAEFF",
	            "status": "electrified",
            },
	},{
	    "name" : "帝子-扫塞-炮2",
	        "x" : 0,
      	    "y" : -12,
      	    "top" : true,
      	    "ejectEffect":"casing1",
            "reload":110,
            //射速
            "targetAir" : true,
            "recoil":0.8,
            "shake":0,
            "shootSound": "shoot",
            "rotate":true,
            "mirror":false
            "shoot": {
                "shots": 4,
                "shotDelay": 12
                "xRange" : 8,
                }
      	        "bullet": {
                "type": "MissileBulletType",
                "sprite" : "神恒之心-导弹3",
                "damage":825,
                "width":26,
                "height":38,
                "lifetime":500,
                "speed":12,
                "shootEffect": "shootSmallSmoke",
                "backColor":"73FFAEFF",	
                "frontColor":"73FFAEFF",
 	            "heatColor":"73FFAEFF",
	            "trailColor":"73FFAEFF",
	            "status": "electrified",
	            "pierce": false,
	            "fragBullets": 5,
                "fragCone": 360,
		        "fragBullet": {
		            "type": "MissileBulletType",
                    "sprite" : "神恒之心-导弹3",
                    "damage":250,
                    "width":12,
                    "height":16,
                    "lifetime":300,
                    "speed" : 18,
                    "shootEffect": "shootSmallSmoke",
                    "backColor":"73FFAEFF",	
                    "frontColor":"73FFAEFF",
 	                "heatColor":"73FFAEFF",
	                "trailColor":"73FFAEFF",
	                "status": "electrified",
	                "pierce": false,
	            "fragBullets": 6,
                "fragCone": 360,
		        "fragBullet": {
		            "type": "ShrapnelBulletType",
                    "serrations": 1,
                    "splashDamageRadius": 23,
                    "length": 112,
                    "width": 18,
                    "fromColor": "73FFAEFF",
                    "toColor": "73FFAEFF",
                    "damage": 100,
                    "status": "electrified",
		        },
		        },
                },
                },{
                "name" : "帝子-扫塞-炮3",
	            "x" : 0,
      	        "y" : 0,
      	        "top" : true,
      	        "ejectEffect":"casing1",
                "reload":200,
            //射速
                "targetAir" : true,
                "recoil":0.8,
                "shake":0,
                "shootSound": "shoot",
                "rotate":false,
                "mirror":false
                    "bullet": {
                    "type" : "LaserBulletType",
                    "length" : 1200,
                    "damage" : 2450,
                    "width" : 79,
                    "despawnEffect":"none"
                    "lifetime" : 62,
                    "hitEffect":"hitLancer",
                    "backColor":"73FFAEFF",	
                    "frontColor":"73FFAEFF",
 	                "heatColor":"73FFAEFF",
	                "trailColor":"73FFAEFF",
	                "status": "electrified",
                }
                }
	]
	    "abilities" : [
	    {
	        "type": "EnergyFieldAbility"
            "damage": 115.0
            "reload": 50.0
            "range": 890.0
            "status": "electrified"
            "statusDuration": 360.0
            "targetGround": true
            "targetAir": true
            "hitBuildings": true
            "hitUnits": true
            "healPercent": 2.50
            "maxTargets": 25
            "useAmmo": true
            "color": "73FFAEFF"
        },{
            "type": "ForceFieldAbility"
            "radius": 190.0,
            "regen": 90.0,
            "max": 250.0,
            "cooldown": 120.0,
//radius: 力墙范围
//regen: 力墙恢复值
//max: 力墙最大值
//cooldown: 墙破后冷却时间
        }
	    ]
}