{
	"type": "flying",
	"name": "帝神-极森",
	"mass": 500,
	"description": "至高战列舰，拥有无与伦比的火力与防御力。以帝国的荣光为之命名。
[cyan](感谢f(z)≠[VA])",
	"speed": 0.8,	
	"drag":0.04,	"accel":0.05,
	"rotateSpeed":8,
	"ammoCapacity": 1600,
    "ammoResupplyAmount":8,
    "itemCapacity" : 10000
    "immunities":["blasted","burning","electrified","freezing","melting","muddy","sapped","shocked","slow","tarred","unmoving","wet","spore-slowed","corroded"],
	"hitSize":80, 
		"lightRadius": 130,
	"lightColor": "FF5845",
	"buildSpeed": 10,
	"engineColor": "89A0FF",
	"flying": true,
	"alwaysUnlocked": true,
	"health": 900000,
	"armor":400,
	"engineOffset": 80,
	"engineSize": 32,
	"parts":[
	{
			"type": "mindustry.entities.part.HaloPart",
			"progress": "reload",
			"hollow": false,
			"mirror": false,
			"tri": true,
			"x": 0,
			"y": 70,
			"shapeRotation": 0,//图形初始角度
			"moveX": 0,
			"moveY": 0,
			"shapeMoveRot": 0,
			"shapes": 4,//围绕个数
			"sides": 4,//边数
			"stroke": 1,//粗细
			"strokeTo": -1,
			"radius": 4.5,//半径/粗细
			"radiusTo": -1,
			"triLength": 9,//初始长度
			"triLengthTo": 0,//最终长度
			"haloRadius": 18,//围绕半径
			"haloRadiusTo": -1,//最终围绕半径
			"haloRotateSpeed": 1,//公转速度
			"haloRotation": 0,//环初始角度
			"rotateSpeed": 2,//自转速度
			"color": "FF5845",
			"colorTo": "ff0022",
			"layer": 110
		},
		{
			"type": "mindustry.entities.part.HaloPart",
			"progress": "reload",
			"hollow": false,
			"mirror": false,
			"tri": true,
			"x": 0,
			"y": 70,
			"shapeRotation": 0,//图形初始角度
			"moveX": 0,
			"moveY": 0,
			"shapeMoveRot": 0,
			"shapes": 4,//围绕个数
			"sides": 4,//边数
			"stroke": 1,//粗细
			"strokeTo": -1,
			"radius": 4.5,//半径/粗细
			"radiusTo": -1,
			"triLength": 9,//初始长度
			"triLengthTo": 0,//最终长度
			"haloRadius": 18,//围绕半径
			"haloRadiusTo": -1,//最终围绕半径
			"haloRotateSpeed": -1,//公转速度
			"haloRotation": 0,//环初始角度
			"rotateSpeed": 2,//自转速度
			"color": "FF5845",
			"colorTo": "ff0022",
			"layer": 110
		},
		{
			"type": "mindustry.entities.part.HaloPart",
			"progress": "reload",
			"hollow": false,
			"mirror": false,
			"tri": true,
			"x": 0,
			"y": 5.75,
			"shapeRotation": 0,//图形初始角度
			"moveX": 0,
			"moveY": 0,
			"shapeMoveRot": 0,
			"shapes": 16,//围绕个数
			"sides": 4,//边数
			"stroke": 1,//粗细
			"strokeTo": -1,
			"radius": 4.5,//半径/粗细
			"radiusTo": -1,
			"triLength": 9,//初始长度
			"triLengthTo": 0,//最终长度
			"haloRadius": 80,//围绕半径
			"haloRadiusTo": -1,//最终围绕半径
			"haloRotateSpeed": 4,//公转速度
			"haloRotation": 0,//环初始角度
			"rotateSpeed": 2,//自转速度
			"color": "FF5845",
			"colorTo": "ff0022",
			"layer": 110
		},
		{
			"type": "mindustry.entities.part.HaloPart",
			"progress": "reload",
			"hollow": false,
			"mirror": false,
			"tri": true,
			"x": 0,
			"y": 5.75,
			"shapeRotation": 0,//图形初始角度
			"moveX": 0,
			"moveY": 0,
			"shapeMoveRot": 0,
			"shapes": 16,//围绕个数
			"sides": 4,//边数
			"stroke": 1,//粗细
			"strokeTo": -1,
			"radius": 4.5,//半径/粗细
			"radiusTo": -1,
			"triLength": 9,//初始长度
			"triLengthTo": 0,//最终长度
			"haloRadius": 80,//围绕半径
			"haloRadiusTo": -1,//最终围绕半径
			"haloRotateSpeed": -4,//公转速度
			"haloRotation": 0,//环初始角度
			"rotateSpeed": 2,//自转速度
			"color": "FF5845",
			"colorTo": "ff0022",
			"layer": 110
		},
		{
			"type": "mindustry.entities.part.HaloPart",
			"progress": "reload",
			"hollow": false,
			"mirror": false,
			"tri": true,
			"x": 0,
			"y": -85,
			"shapeRotation": 0,//图形初始角度
			"moveX": 0,
			"moveY": 0,
			"shapeMoveRot": 0,
			"shapes": 8,//围绕个数
			"sides": 4,//边数
			"stroke": 1,//粗细
			"strokeTo": -1,
			"radius": 4.5,//半径/粗细
			"radiusTo": -1,
			"triLength": 9,//初始长度
			"triLengthTo": 0,//最终长度
			"haloRadius": 38,//围绕半径
			"haloRadiusTo": -1,//最终围绕半径
			"haloRotateSpeed": 1,//公转速度
			"haloRotation": 0,//环初始角度
			"rotateSpeed": 2,//自转速度
			"color": "FF5845",
			"colorTo": "ff0022",
			"layer": 110
		},
		{
			"type": "mindustry.entities.part.HaloPart",
			"progress": "reload",
			"hollow": false,
			"mirror": false,
			"tri": true,
			"x": 0,
			"y": -85,
			"shapeRotation": 0,//图形初始角度
			"moveX": 0,
			"moveY": 0,
			"shapeMoveRot": 0,
			"shapes": 8,//围绕个数
			"sides": 4,//边数
			"stroke": 1,//粗细
			"strokeTo": -1,
			"radius": 4.5,//半径/粗细
			"radiusTo": -1,
			"triLength": 9,//初始长度
			"triLengthTo": 0,//最终长度
			"haloRadius": 38,//围绕半径
			"haloRadiusTo": -1,//最终围绕半径
			"haloRotateSpeed": -1,//公转速度
			"haloRotation": 0,//环初始角度
			"rotateSpeed": 2,//自转速度
			"color": "FF5845",
			"colorTo": "ff0022",
			"layer": 110
		},
	]
	"weapons":[ 
	
{"name":"电浆脉冲",
	"x":0,"y":32,
	"reload":900,
	"rotate": true,
	"mirror":false
	"shoot":{
	    "type":"ShootSpread",
	    "shots":2
	      "barrels": 1,
        "Spread": 1
	},
	 "spacing":5,
	 "shotDelay":10,
	"rotateSpeed":16,
	"chargeSound": "lasercharge",
	"chargeTime" : 80,
	"chargeEffects" : 1,
	"chargeBeginEffect": {
    "type": "ParticleEffect",
    "particles": 1,
    "sizeFrom": 0,
    "sizeTo": 0,
    "length": 60,
    "lifetime": 80,
    "colorFrom": "FFFFFFFF",
    "colorTo": "FFFFFFFF",
    "cone": 360
},
	"chargeEffect": {
	    "type": "MultiEffect",
	    "lifetime": 80,
	    "effects": [
	   {     
        "type": "WaveEffect",
        "lifetime": 80,
        "sizeFrom": 120,
        "sizeTo": 20,
        "strokeFrom": 0,
        "strokeTo": 6,
        "colorFrom": "FFFFFFFF",
        "colorTo": "ffffffff"
	   },
	   {     
    "type": "ParticleEffect",
    "particles": 10,
    "sizeFrom": 5,
    "sizeTo": 90,
    "length": 95,
    "baseLength": -95,
    "lifetime": 80,
        "spin":20
    "colorFrom": "ffffffff",
    "colorTo": "FFFFFFFF",
    "cone": 360
                "region": "神恒之心-星"
	   }
	   {  
    "type": "ParticleEffect",
    "particles": 5,
    "sizeFrom": 10,
    "sizeTo": 30,
    "length": 120,
    "spin":8
    "lifetime": 120,
        "sizeInterp": "pow5In",
        "interp":"circleOut"
    "colorFrom": "00000033",
    "colorTo": "FFFFFFFF",
    "cone": 360
            "region": "神恒之心-星"
	   }
	   ]
	},
	"shootEffect":{
	"type": "MultiEffect",
	    "lifetime": 360,
	    "effects": [
	   {     
        "type": "WaveEffect",
        "lifetime": 240,
        "sizeFrom": 0,
        "sizeTo":60,
        "strokeFrom": 6,
        "strokeTo": 2,
        "sides":3
            "rotation":20
        "colorFrom": "FFFFFFFF",
        "colorTo": "ffffffff"
	   },
	   {     
        "type": "WaveEffect",
        "lifetime": 240,
        "sizeFrom": 0,
        "sizeTo":60,
        "strokeFrom": 6,
        "strokeTo": 2,
        "sides":3
            "rotation":40
        "colorFrom": "FFFFFFFF",
        "colorTo": "ffffffff"
	   },
	   {     
        "type": "WaveEffect",
        "lifetime": 240,
        "sizeFrom": 0,
        "sizeTo":60,
        "strokeFrom": 6,
        "strokeTo": 2,
        "sides":3
            "rotation":60
        "colorFrom": "FFFFFFFF",
        "colorTo": "ffffffff"
	   },
	   {     
        "type": "WaveEffect",
        "lifetime": 240,
        "sizeFrom": 0,
        "sizeTo":60,
        "strokeFrom": 6,
        "strokeTo": 2,
        "sides":3
            "rotation":80
        "colorFrom": "FFFFFFFF",
        "colorTo": "ffffffff"
	   },
	   {     
        "type": "WaveEffect",
        "lifetime": 240,
        "sizeFrom": 0,
        "sizeTo":60,
        "strokeFrom": 6,
        "strokeTo": 2,
        "sides":3
            "rotation":100
        "colorFrom": "FFFFFFFF",
        "colorTo": "ffffffff"
	   },
	   {     
        "type": "WaveEffect",
        "lifetime": 240,
        "sizeFrom": 0,
        "sizeTo":60,
        "strokeFrom": 6,
        "strokeTo": 2,
        "sides":3
            "rotation":120
        "colorFrom": "FFFFFFFF",
        "colorTo": "ffffffff"
	   },
	   {     
    "type": "ParticleEffect",
    "particles": 1,
    "sizeFrom": 0,
    "sizeTo": 240,
    "length": 0,
    "baseLength": 0,
    "lifetime": 120,
    "colorFrom": "ffffff33",
    "colorTo": "FFFFFFFF",
    "cone": 360
            "region": "神恒之心-星"
	   }
	   {     
    "type": "ParticleEffect",
    "particles": 8,
    "sizeFrom": 0,
    "sizeTo": 120,
    "length": 0,
    "baseLength": 180,
    "lifetime": 120,
    "colorFrom": "ffffff33",
    "colorTo": "FFFFFFFF",
    "cone": 360
            "region": "神恒之心-星"
	   }
	   ]
	}
	"bullet":{
	"type" : "BasicBulletType",
		"speed": 2,
		"sprite":"神恒之心-orb"
		"lifetime" : 720,
		"damage": 18,
		"height" : 100,
		"width" : 100,
		"hitEffect": "hitLaser",
		"despawnEffect" : "hitLaser",
		"pierce": true,
		"pierceCap": 80,
		"frontColor": "ff8484",
		"backColor": "ffffff"
		"trailColor": "FF5845",
		"trailLength": 60,
		"trailWidth": 8,
		"trailParam": 5,
		"trailInterval": 30,
		"trailRotation": true,
		"trailEffect": {
			"type": "MultiEffect",
			"lifetime": 32,
			"layer": 105,
			"effects": [
				{
					"type": "ParticleEffect",
					"lightOpacity": 0,
					"length": 70,
					"cone": 0,
					"randLength": false,
					"sizeFrom": 45,
					"sizeTo": 45,
					"region": "神恒之心-wide",
					"particles": 1,
					"lifetime": 35,
					"colorFrom": "FF5845",
					"colorTo": "FF5845",
					"spin": 6.5
				},
				{
					"type": "ParticleEffect",
					"lightOpacity": 0,
					"length": 70,
					"cone": 0,
					"randLength": false,
					"sizeFrom": 60,
					"sizeTo": 60,
					"region": "神恒之心-tall",
					"particles": 1,
					"lifetime": 35,
					"colorFrom": "FF5845",
					"colorTo": "FF5845",
					"spin": -6.5
				}
			]
		},
		"intervalBullets":4,
		"intervalBullet":{
            "type":"LaserBulletType"
              "hitEffect":"hitLancer"
              "despawnEffect":"none"
              "colors": ["ff8484" "ffffff" "ff8484"]
              "length":288
              "width":24
              "hitSize":8
              "lifetime":24
              "drawSize":400
              "damage":120
              "fragBullets": 1,
		"fragBullet":{
    "type" : "FlakBulletType",
    "sprite":"神恒之心-orb"
	        "damage": 500, 
	        "despawnEffect":{     
    "type": "ParticleEffect",
    "particles": 4,
    "sizeFrom": 0,
    "sizeTo": 120,
    "length": 0,
    "baseLength": 180,
    "lifetime": 120,
    "colorFrom": "ffffff33",
    "colorTo": "FFFFFFFF",
    "cone": 360
            "region": "神恒之心-星"
	   }
            "splashDamageRadius": 40, 
            "splashDamage": 40,
            "weaveMag": 5,
            "weaveScale": 5,
            "width": 20, 
            "height": 20, 
            "speed": 1,
            "lifetime": 600, 
            "lightning": 10, 
            "lightningLength": 50, 
            "hitEffect": "plasticExplosion",
            "backColor": "ff8484", 
            "frontColor": "ff8484", 
            "collidesGround": true
          }
           }
		           "intervalRandomSpread":20
               "intervalAngle" : 180
                "intervalSpread" : 300
	},}
     	{"name":"高速粒子加速器",
	"x":-54,"y":21,
	"reload":240,
	"rotate": true,
	"mirror":true
	"shoot": {
        "type": "ShootAlternate",
        "barrels": 1,
        "spread": 0
        "shots" : 1,
    },
	"rotateSpeed":16,
	"shootEffect":{     
    "type": "ParticleEffect",
    "particles": 1,
    "sizeFrom": 120,
    "sizeTo": 120,
    "length": 0,
    "baseLength": 0,
    "spin":10
    "lifetime": 120,
    "colorFrom": "ffffff33",
    "colorTo": "FFFFFFFF",
    "cone": 360
            "region": "神恒之心-星"
	   },
	"bullet":{
	"type" : "ContinuousLaserBulletType",
			"damage" : 25,
                    "length" : 640,
                    "drawSize" : 72,
                    "collidesAir":true
	              	"collidesGround": true
		            "despawnEffect":"none"
		            "hitEffect": {     
        "type": "WaveEffect",
        "lifetime": 240,
        "sizeFrom": 40,
        "sizeTo":0,
        "strokeFrom": 6,
        "strokeTo": 2,
        "sides":12
            "rotation":0
        "colorFrom": "FFFFFFFF",
        "colorTo": "ffffffff"
	   },
                    "lifetime": 140,
                    "shake" : 1,
                    "colors": ["ffffFF" "ffffFF" "ff8484"]
                    "incendChance" : 0.1,
                    "incendSpread" : 5,
                    "incendAmount" : 1,
                    "fragBullets": 1,
		"fragBullet":{
    "type" : "FlakBulletType",
    "sprite":"神恒之心-orb"
	        "damage": 500, 
	        "despawnEffect":"none"
            "splashDamageRadius": 40, 
            "splashDamage": 40,
            "width": 0, 
            "height": 0, 
            "speed": 0,
            "lifetime": 2, 
            "lightning": 10, 
            "lightningLength": 10, 
            "hitEffect": {     
        "type": "WaveEffect",
        "lifetime": 240,
        "sizeFrom": 40,
        "sizeTo":0,
        "strokeFrom": 6,
        "strokeTo": 2,
        "sides":12
            "rotation":0
        "colorFrom": "FFFFFFFF",
        "colorTo": "ffffffff"
	   },
            "backColor": "ff8484", 
            "frontColor": "ff8484", 
            "collidesGround": true
          }
} 	},
{"name":"亚空魔团1",
	"x":0,"y":0,
	"shootY":20,"shootX":-110,
	"reload":2400,
	"rotate": false,
	"mirror":false
	"shoot": {
        "shotDelay":1	
        "shots" : 100,
    },
	"shootEffect":{     
        "type": "WaveEffect",
        "lifetime": 240,
        "sizeFrom": 0,
        "sizeTo":60,
        "strokeFrom": 6,
        "strokeTo": 2,
        "sides":3
            "rotation":0
        "colorFrom": "FFFFFFFF",
        "colorTo": "ffffffff"
	   },
	"bullet":{
	"type" : "MissileBulletType",
		"speed": 12.0,
		"lifetime" : 60,
		"damage": 600,
		"height" : 40,
		"width" : 40,
		"hitEffect": "hitLaser",
		"despawnEffect" : "hitLaser",
		"pierce": true,
		"frontColor": "89A0FF",
		"backColor": "ffffff"
		"fragBullets": 2,
		"fragCone":30
		"fragBullet":{
		"type" : "MissileBulletType",
			"damage": 600,
			"weaveMag": 5,
   "weaveScale": 5,
			"height": 24,
			"width" : 14,			
			"speed": 18.0,
			"homingPower" : 0.04,
			"lifetime": 360,
			"frontColor": "89A0FF",
		"backColor": "ffffff"
			"lightning": 4, 
            "lightningLength": 20,
            "lightningDamage" : 270,
			"smokeEffect": "shootSmallSmoke"
			"trailColor": "FF5845",
		"trailLength": 60,
		"trailWidth": 8,
		"trailParam": 5,
		"trailInterval": 30,
		"trailRotation": true,
		"trailEffect": {
			"type": "MultiEffect",
			"lifetime": 32,
			"layer": 105,
			"effects": [
				{
					"type": "ParticleEffect",
					"lightOpacity": 0,
					"length": 70,
					"cone": 0,
					"randLength": false,
					"sizeFrom": 25,
					"sizeTo": 25,
					"region": "神恒之心-wide",
					"particles": 1,
					"lifetime": 35,
					"colorFrom": "FF5845",
					"colorTo": "FF5845",
					"spin": 6.5
				},
				{
					"type": "ParticleEffect",
					"lightOpacity": 0,
					"length": 70,
					"cone": 0,
					"randLength": false,
					"sizeFrom": 40,
					"sizeTo": 40,
					"region": "神恒之心-tall",
					"particles": 1,
					"lifetime": 35,
					"colorFrom": "FF5845",
					"colorTo": "FF5845",
					"spin": -6.5
				}
			]
		},
		}
		 	}},
		 	{"name":"亚空魔团2",
	"x":0,"y":0,
	"shootY":20,"shootX":110,
	"reload":2400,
	"rotate": false,
	"mirror":false
	"shoot": {
        "shotDelay":1	
        "shots" : 100,
    },
	"shootEffect":{     
        "type": "WaveEffect",
        "lifetime": 240,
        "sizeFrom": 0,
        "sizeTo":60,
        "strokeFrom": 6,
        "strokeTo": 2,
        "sides":3
            "rotation":0
        "colorFrom": "FFFFFFFF",
        "colorTo": "ffffffff"
	   },
	"bullet":{
	"type" : "MissileBulletType",
		"speed": 12.0,
		"lifetime" : 60,
		"damage": 600,
		"height" : 40,
		"width" : 40,
		"hitEffect": "hitLaser",
		"despawnEffect" : "hitLaser",
		"pierce": true,
		"frontColor": "89A0FF",
		"backColor": "ffffff"
		"fragBullets": 2,
		"fragCone":30
		"fragBullet":{
		"type" : "MissileBulletType",
			"damage": 600,
			"weaveMag": 5,
   "weaveScale": 5,
			"height": 24,
			"width" : 14,			
			"speed": 18.0,
			"homingPower" : 0.04,
			"lifetime": 360,
			"frontColor": "89A0FF",
		"backColor": "ffffff"
			"lightning": 4, 
            "lightningLength": 20,
            "lightningDamage" : 270,
			"smokeEffect": "shootSmallSmoke"
			"trailColor": "FF5845",
		"trailLength": 60,
		"trailWidth": 8,
		"trailParam": 5,
		"trailInterval": 30,
		"trailRotation": true,
		"trailEffect": {
			"type": "MultiEffect",
			"lifetime": 32,
			"layer": 105,
			"effects": [
				{
					"type": "ParticleEffect",
					"lightOpacity": 0,
					"length": 70,
					"cone": 0,
					"randLength": false,
					"sizeFrom": 25,
					"sizeTo": 25,
					"region": "神恒之心-wide",
					"particles": 1,
					"lifetime": 35,
					"colorFrom": "FF5845",
					"colorTo": "FF5845",
					"spin": 6.5
				},
				{
					"type": "ParticleEffect",
					"lightOpacity": 0,
					"length": 70,
					"cone": 0,
					"randLength": false,
					"sizeFrom": 40,
					"sizeTo": 40,
					"region": "神恒之心-tall",
					"particles": 1,
					"lifetime": 35,
					"colorFrom": "FF5845",
					"colorTo": "FF5845",
					"spin": -6.5
				}
			]
		},
		}
		 	}},
		 	{"name":"审判",
	"x":28,"y":-58,
	"reload":10,
	"rotate": true,
	"mirror":true
	"shoot": {
        "type": "ShootAlternate",
        "barrels": 2,
        "spread": 0
        "shots" : 2,
    },
	"rotateSpeed":16,
	"shootEffect":"shootSmall",
	"bullet":{
	"type" : "BasicBulletType",
	    "sprite": "神恒之心-L",
		"speed": 12,
		"lifetime" : 180,
		"damage": 1000,
		"height" : 160,
		"spin":8
		"width" : 40,
		"hitEffect": "hitLaser",
		"despawnEffect" : "hitLaser",
		"pierce": true,
		"frontColor": "89A0FF",
		"backColor": "ffffff"
		"fragBullets": 1
		"fragBullet":{
			"type":"LaserBulletType"
              "hitEffect":"hitLancer"
              "despawnEffect":"none"
              "colors": ["ff8484" "ffffff" "ff8484"]
              "length":288
              "width":24
              "hitSize":8
              "lifetime":24
              "drawSize":400
              "damage":120
			}
                    } 	},
           {"name":"速子长矛",
	"x":23,"y":8,
	"reload":480,
	"rotate": true,
	"mirror":true
	"shots":1
	"rotateSpeed":16,
	"shootEffect":"shootSmall",
	"bullet":{
	"type" : "LaserBulletType",
                   "length" : 1080,
                    "damage" : 4800,
                    "colors": ["A94DFF" "7F4DFF" "000000"]
                    "width" : 35,
              "despawnEffect":"none"
                    "lifetime" : 120,
              "hitEffect":"hitLancer"
              "lightningSpacing" : 35,
                    "lightningLength" : 5,
                    "lightningDelay" : 1.1,
                    "lightningLengthRand" : 15,
                    "lightningDamage" : 720,
                    "lightningAngleRand" : 40,
                    } 	},
                    {"name":"破灭领域",
	"x":0,"y":32,
	"reload":1200,
	"rotate": true,
	"mirror":false
	"rotateSpeed":16,
	"shoot": {
        "type": "ShootSpread",
        "Spread": 1
        	"shots" :360,
    },
	"shootEffect":"shootSmall",
	"bullet":{
	"type" : "BasicBulletType",
		"speed": 12.0,
		"pierce": true,
    "pierceCap": 40,
    "pierceBuilding": true,
        "sprite": "神恒之心-波",
    "collidesTiles": true,
    "reflectable": false,
    "hittable": false,
    "absorbable": false,
		"lifetime" : 300,
		"damage": 1200,
		"height" : 80,
		"width" : 40,
		"hitEffect": "hitLaser",
		"despawnEffect" : "hitLaser",
		"pierce": true,
		"frontColor": "ff8484",
		"backColor": "ffffff"
	                                        } 	},
],
"abilities": [
            {
            "type": "ForceFieldAbility",
            "radius": 480,
            "regen": 180,
            "max": 30000,
            "cooldown": 2400
            }
            {
            "type": "ForceFieldAbility",
            "radius": 240,
            "regen": 180,
            "max": 1000,
            "cooldown": 5000
            }
            {
    "type": "EnergyFieldAbility",
    "statusDuration": 100,
    "shootSound": "none",
    "healEffect": {
    "type": "WaveEffect",
    "lifetime": 20,
    "sizeFrom": 0,
    "sizeTo": 40,
    "strokeFrom": 0,
    "strokeTo": 8,
    "colorFrom": "89D5FFFF",
    "colorTo": "89D5FFFF"
    },
    "color": "ff8484",
    "maxTargets": 30,
    "healPercent": 1,
    "damage": 100,
    "range": 320,
    "sectors": 3,
    "y": 32,
    "blinkScl": 80,
    "rotateSpeed": 10,
    "hitBuildings": true,
    "sectorRad": 0.18,
    "effectRadius": 24,
    "reload": 120,
    "status": "none"
    }
    {
    "type": "EnergyFieldAbility",
    "statusDuration": 100,
    "shootSound": "none",
    "healEffect": {
    "type": "WaveEffect",
    "lifetime": 20,
    "sizeFrom": 0,
    "sizeTo": 20,
    "strokeFrom": 0,
    "strokeTo": 8,
    "colorFrom": "42a6BEFF",
    "colorTo": "42a6BEFF"
    },
    "color": "ff0022",
    "maxTargets": 60,
    "healPercent": 5,
    "damage": 400,
    "range": 100,
    "sectors": 3,
    "y": 70,
    "blinkScl": 80,
    "rotateSpeed": 3,
    "hitBuildings": true,
    "sectorRad": 0.18,
    "effectRadius": 3.6,
    "reload": 30,
    "status": "none"
    }
    {
    "type": "StatusFieldAbility"
    "duration": 300
    "reload": 3000
    "range": 10
    "effect": {
      "name": "Transcendence1"
      "localizedName": "Transcendence1"
      "speedMultiplier": 4
      "healthMultiplier": 4
      "damageMultiplier": 2
      "damage": -1000
       "effect": {
      "type": "MultiEffect",
	    "lifetime": 80,
	    "effects": [
	   {     
        "type": "WaveEffect",
        "lifetime": 80,
        "sizeFrom": 40,
        "sizeTo": 40,
        "strokeFrom": 0,
        "strokeTo": 6,
        "colorFrom": "FFFFFFFF",
        "colorTo": "ffffffff"
	   },
	   {     
        "type": "WaveEffect",
        "lifetime": 80,
        "sizeFrom": 160,
        "sizeTo": 160,
        "strokeFrom": 0,
        "strokeTo": 6,
        "colorFrom": "FFFFFFFF",
        "colorTo": "ffffffff"
	   },
       {     
        "type": "WaveEffect",
        "lifetime": 80,
        "sizeFrom": 0,
        "sizeTo": 160,
        "strokeFrom": 0,
        "strokeTo": 6,
        "colorFrom": "FFFFFFFF",
        "colorTo": "ffffffff"
	   },
	   {     
    "type": "ParticleEffect",
    "region": "神恒之心-星"
    "particles": 20,
    "sizeFrom": 5,
    "sizeTo": 0,
    "length": -90,
    "baseLength": 90,
    "lifetime": 80,
    "colorFrom": "ffffffff",
    "colorTo": "FFFFFFFF",
    "cone": 360
	   }
	   ]
       }
       }
       }
       {   "type": "UnitSpawnAbility",
    "unit": "pulsar",
    "spawnX": -70,
    "spawnY": 0,
    "spawnTime": 1200},
    {   "type": "UnitSpawnAbility",
    "unit": "pulsar",
    "spawnX": 70,
    "spawnY": 0,
    "spawnTime": 1200},
    {   "type": "UnitSpawnAbility",
    "unit": "flare",
    "spawnX": -70,
    "spawnY": 0,
    "spawnTime": 600},
    {   "type": "UnitSpawnAbility",
    "unit": "flare",
    "spawnX": 70,
    "spawnY": 0,
    "spawnTime": 600},
    {   "type": "UnitSpawnAbility",
    "unit": "arkyid",
    "spawnX": 0,
    "spawnY": 0,
    "spawnTime": 12000},
    ]
}
