{
   "name":"斩风",
   "description":"像偷家一样的飞船",
   "flying":true,
   "speed":2.5
   "hitSize":5	
   "lightRadius": 350,	
   "groundLayer": 75,
   "health": 350
   "armor":3.5
   "engineOffset":2
   "engineSize":2
   "itemCapacity":20
   "mechFrontSway":0.55
   "commandLimit":8
   "ammoCapacity":500,
   "ammoResupplyAmount":50,
   "mineTier":3
   "mineSpeed":4.5
   "buildSpeed":4
   "weapons":[
      {  "name":"舧轨道炮"  
         "x":0  
         "y":0
         "shootY":5  
         "top": false  
         "rotate":false  
         "width":4  
         "reload": 35  
         "shots": 1  
         "range":55  
         "spacing":7  
         "alternate":true,  
         "ignoreRotation": true,  
         "bullet":{		        
         "incendAmount":2,	          
         "incendSpread":15,
         "incendChance":1
         "speed": 6
         "shootSound":"shootBig",
         "lifetime": 15               
         "damage":50               
         "width": 7,               
         "beight": 10,               
         "shrinkY":0               
         "knockback":2.5
        }
    },
  {  
         "name":"H"  
         "x":-5  
         "y":0 
         "shootY":2  
         "top": false  
         "rotate":false  
         "width":8  
         "reload":15
         "mirror":false
         "hasPower":true,
         "bullet": {
           "type":"LaserBoltBulletType"
           "force": 8.00,
           "scaledForce": 7.00,
           "range": 20.00,
           "speed":7
           "damage": 20,
           "lifetime": 35.00
           "collidesTeam": true
           "frontColor":"85ffff"
           "backColor": "98ffa9"
           }
         },
          {
         "name":"H"  
         "x":5  
         "y":0 
         "shootY":2  
         "top": false  
         "rotate":false  
         "width":8  
         "reload":15
         "mirror":false
         "hasPower":true,
         "bullet": {
           "type":"LaserBoltBulletType"
           "force": 8.00,
           "scaledForce": 7.00,
           "range": 20.00,
           "speed":7
           "damage": 20,
           "lifetime": 35.00
           "collidesTeam": true
           "frontColor":"85ffff"
           "backColor": "98ffa9"
         }
       },
   {
           "name":"无影导弹"
           "x":9
           "y":0
           "top":false
           "rotate":false
           "reload":15
           "mirror":false
           "shots":3
           "inaccuracy": 5.00,
           "velocityRnd": 0.50,
           "hasPower":true,
           "bullet": {
             "type":"MissileBulletType"
                "sprite":"魂-导弹"
                "speed": 3.00,
                "damage": 14.00,
                "shrinkY": 0.00,
                "drag": -0.003,
                "homingRange": 60,
                "keepVelocity": false,
                "splashDamageRadius": 25.00,
                "splashDamage": 15.00,
                "lifetime": 50.00
         }
       }
{
           "name":"无影导弹"
           "x":-9
           "y":0
           "top":false
           "rotate":false
           "reload":15
           "mirror":false
           "shots":3
           "inaccuracy": 5.00,
           "velocityRnd": 0.10,
           "hasPower":true,
           "homingRange" : 180,
           "bullet": {
             "type":"MissileBulletType"
                "sprite":"神恒之心-导弹"
                "speed": 3.00,
                "damage": 14.00,
                "shrinkY": 0.00,
                "drag": -0.003,
                "homingRange": 60,
                "keepVelocity": false,
                "splashDamageRadius": 25.00,
                "splashDamage": 15.00,
                "lifetime": 50.00
         }
       },
  ]
    "research" : "㻰星兵工厂",
}