{
    "type": "flying",
    "name": "胜圣",
    "description": "保护核心的飞机,可怕的飞机.",
    "controller": "BuilderAI",
    "immunities":["blasted","burning","electrified","freezing","melting","muddy","sapped","shocked","slow","tarred","unmoving","wet","spore-slowed","corroded"],
    "armor" : 15,
    "range" : 180,
    "flying": true,
    "lowAltitude": true,
    "speed": 5,
    "accel":0.2,
    //加速
    "drag": 0.4,
    "itemCapacity": 650,
    "isCounted":false,
    "commandLimit":7,
    "rotateSpeed": 22,
    "buildSpeed": 5.5,
    //建筑速度
    "buildBeamOffset":8,
    "mineSpeed": 115,
    //挖矿速度
    "mineTier": 15,
    //挖矿等级
    "engineOffset": 25.5,
    "engineSize" : 15,
    "engineColor" : "785AACFF",
    "hitSize": 24,
    "health": 1250,
    "armor": 3,
    "payloadCapacity" : 10,
    "weapons":[
        {
            "name":"胜圣-炮台1",
            "y":-15.5,
            "x":17.5,
            "shootY":2.2,
            "ejectEffect":"casing1",
            "reload":29,
            //射速
            "recoil":0.8,
            "shake":1,
            "shootSound": "shoot",
            "rotate":true,
            "top":true,
            "mirror":false,
            "rotateSpeed" : 2,
            "bullet": {
    "type":"ContinuousLaserBulletType",
    "damage":50,
    "width":10,"length":350,
    "colors":["A94DFF" "7F4DFF" "000000"],
    "hitEffect":{"type": "ParticleEffect",
    "particles": 6,
    "sizeFrom": 12,
    "sizeTo": 0,
    "line":true,
    "length": 85,
    "baseLength": 0,
    "colorFrom": "A94DFF",
    "colorTo": "A94DFF",
    "cone": 60},
    "lifetime":280,
    "shake":4,
    "despawnEffect":"smokeCloud",
    "smokeEffect":"none",
    "chargeEffect":{"type": "WaveEffect",
    "sizeFrom": 100,
    "sizeTo": 10,
    "strokeFrom": 0,
    "strokeTo": 9,
    "colorFrom": "A94DFF",
    "colorTo": "FFFFFFFF"},
    "incendChance":0.1,
    "incendSpread":6,
    "incendAmount":1
    "buildingDamageMultiplier":0.01,
	}
            },{
            "name":"胜圣-炮台1",
            "y":-15.5,
            "x":-17.5,
            "shootY":2.2,
            "ejectEffect":"casing1",
            "reload":29,
            //射速
            "recoil":0.8,
            "shake":1,
            "shootSound": "shoot",
            "rotate":true,
            "top":true,
            "mirror":false,
            "rotateSpeed" : 2,
            "bullet": {
    "type":"ContinuousLaserBulletType",
    "damage":50,
    "width":10,"length":350,
    "colors":["A94DFF" "7F4DFF" "000000"],
    "hitEffect":{"type": "ParticleEffect",
    "particles": 6,
    "sizeFrom": 12,
    "sizeTo": 0,
    "line":true,
    "length": 85,
    "baseLength": 0,
    "colorFrom": "A94DFF",
    "colorTo": "A94DFF",
    "cone": 60},
    "lifetime":280,
    "shake":4,
    "despawnEffect":"smokeCloud",
    "smokeEffect":"none",
    "chargeEffect":{"type": "WaveEffect",
    "sizeFrom": 100,
    "sizeTo": 10,
    "strokeFrom": 0,
    "strokeTo": 9,
    "colorFrom": "A94DFF",
    "colorTo": "FFFFFFFF"},
    "incendChance":0.1,
    "incendSpread":6,
    "incendAmount":1
    "buildingDamageMultiplier":0.01,
	}
            },{
    "mirror": false,
    "name": "胜圣-炮台2",
    "x": 0,
    "y": 0,
    "shootY": 1,
    "reload": 60,
    "shake": 1,
    "rotate": false,
    "shootSound": "shoot",
    "top":true,
    "mirror":false,
    "bullet" : {
        "type" : "LaserBulletType",
        "damage" : 500,
        "colors": ["FFFFFFFF", "D2FFFFFF", "D2FFFFFF"],
        "hitSize": 13,
        "lifetime": 85.00,
        "drawSize": 400.00,
        "collidesAir": true,
        "length": 600.00,
        "ammoMultiplier": 1.00
        "buildingDamageMultiplier":0.01,
        }
    },
        ]
        "abilities": [
    {
        "type": "RepairFieldAbility"
        "amount": 250,
        "reload": 300,
        "range": 280,
    },{
        "type": "ForceFieldAbility"
        "radius": 95.0,
        "regen": 15.0,
        "max": 300.0,
        "cooldown": 180.0,
//radius: 力墙范围
//regen: 力墙恢复值
//max: 力墙最大值
//cooldown: 墙破后冷却时间
    }
]
}