{ 
   "name":"艹",
   "description":"艹",
   "flying":true,
   "speed":1.2
   "hitSize":20	
   "lightRadius": 350,	
   "groundLayer": 75,
   "health": 5000
   "armor":150
   "itemCapacity":150
   "mechFrontSway":0.55
   "commandLimit":8
   "ammoCapacity":500,
   "ammoResupplyAmount":50,
   "weapons":[
     {
            "name": "裁判之审",
            "reload": 40.00,
            "x": -45,
            "y":-13
            "rotate": true,
            "shake": 1.00,
            "shots": 4,
            "inaccuracy": 5.00,
            "velocityRnd": 0.20,
            "mirror":false
            "bullet": {
                "type": "MissileBulletType",
                "sprite":"神恒之心-S导弹"
                "speed": 4.00,
                "damage": 75.00,
                "width": 8.00,
                "height": 8.00,
                "shrinkY": 0.00,
                "drag": -0.003,
                "homingRange": 60,
                "keepVelocity": false,
                "splashDamageRadius": 25.00,
                "splashDamage": 15.00,
                "lifetime": 50.00
                "status": "burning"
            }
        }
     {
            "name": "裁判之审",
            "reload": 40.00,
            "x": 45,
            "y":-13
            "rotate": true,
            "shake": 1.00,
            "shots": 4,
            "inaccuracy": 5.00,
            "velocityRnd": 0.20,
            "mirror":false
            "bullet": {
                "type": "MissileBulletType",
                "sprite":"神恒之心-S导弹"
                "speed": 4.00,
                "damage": 75.00,
                "width": 8.00,
                "height": 8.00,
                "shrinkY": 0.00,
                "drag": -0.003,
                "homingRange": 60,
                "keepVelocity": false,
                "splashDamageRadius": 25.00,
                "splashDamage": 15.00,
                "lifetime": 50.00
                "status": "burning"
            }
        }
     {
         "name":"V(右)"  
         "x":-50  
         "y":12 
         "shootY":2  
         "top": false  
         "rotate": true  
         "shots":2
         "width":8  
         "reload":15
         "mirror":false
         "hasPower":true,
         "bullet": {
           "type":"LaserBoltBulletType"
           "force": 8.00,
           "scaledForce": 7.00,
           "range": 360.00,
           "speed":7
           "damage": 250,
           "lifetime": 35.00
           "restitution": 0.05
           "collidesTeam": true
           "frontColor":"85ffff"
           "backColor": "98ffa9"
          }
         },
       {
         "name":"V(左)"  
         "x":50  
         "y":12 
         "shootY":2  
         "top": false  
         "rotate":true  
         "shots":2
         "width":8  
         "reload":15
         "mirror":false
         "hasPower":true,
         "shootCone": 19.00,
         "bullet": {
           "type":"LaserBoltBulletType"
           "force": 8.00,
           "scaledForce": 7.00,
           "range": 360.00,
           "speed":7
           "damage": 250,
           "lifetime": 35.00
           "restitution": 0.05
           "collidesTeam": true
           "frontColor":"85ffff"
           "backColor": "98ffa9"
            }
           },
       {
         "name":"V(右)"  
         "x":-40  
         "y":25 
         "shootY":2  
         "top": false  
         "rotate":true  
         "width":8  
         "reload":15
         "mirror":false
         "hasPower":true,
         "shootCone": 19.00,
         "bullet": {
           "type":"LaserBoltBulletType"
           "force": 8.00,
           "scaledForce": 7.00,
           "range": 20.00,
           "speed":7
           "damage": 50,
           "lifetime": 35.00
           "collidesTeam": true
           "frontColor":"85ffff"
           "backColor": "98ffa9"
            }
           },
       {
         "name":"V(左)"  
         "x":40  
         "y":25 
         "shootY":2  
         "top": false  
         "rotate":true  
         "width":8  
         "reload":15
         "mirror":false
         "hasPower":true,
         "bullet": {
           "type":"LaserBoltBulletType"
           "force": 8.00,
           "scaledForce": 7.00,
           "range": 20.00,
           "speed":7
           "damage": 50,
           "lifetime": 35.00
           "collidesTeam": true
           "frontColor":"85ffff"
           "backColor": "98ffa9"
            }
           }
       {
         "name":"V(右)"  
         "x":-30  
         "y":40 
         "shootY":2  
         "top": false  
         "rotate":true  
         "width":8  
         "reload":15
         "mirror":false
         "hasPower":true,
         "bullet": {
           "type":"LaserBoltBulletType"
           "force": 8.00,
           "scaledForce": 7.00,
           "range": 20.00,
           "speed":7
           "damage": 50,
           "lifetime": 35.00
           "collidesTeam": true
           "frontColor":"85ffff"
           "backColor": "98ffa9"
            }
           },
       {
         "name":"V(左)"  
         "x":30  
         "y":40 
         "shootY":2  
         "top": false  
         "rotate":true  
         "width":8  
         "reload":15
         "mirror":false
         "hasPower":true,
         "bullet": {
           "type":"LaserBoltBulletType"
           "force": 8.00,
           "scaledForce": 7.00,
           "range": 20.00,
           "speed":7
           "damage": 50,
           "lifetime": 35.00
           "collidesTeam": true
           "frontColor":"85ffff"
           "backColor": "98ffa9"
            }
           }
     ]
   "abilities": [
    {
        "type": "EnergyFieldAbility"
        "damage": 175.0
        "reload": 120.0
        "range": 295.0
        "status": "electrified"
        "statusDuration": 360.0
        "targetGround": true
        "targetAir": true
        "hitBuildings": true
        "hitUnits": true
        "healPercent": 2.50
        "maxTargets": 75
        "useAmmo": true
        "color": "98F5FF"
    }
   ]
    "abilities": [
    {
        "type": "RepairFieldAbility"
        "amount": 450
        "reload": 65
        "range": 450
        }
    {
        "type": "EnergyFieldAbility"
        "damage": 35.0
        "reload": 65.0
        "range": 400.0
        "status": "electrified"
        "statusDuration": 360.0
        "targetGround": true
        "targetAir": true
        "hitBuildings": true
        "hitUnits": true
        "healPercent": 2.50
        "maxTargets": 25
        "useAmmo": true
        "color": "98F5FF"
    }
]
}
