{
"type": "mech",
"name":"蚫子",
"description":"来自泡泡星球的微型蚫子，专用吃任何什么东西会给它回血
[cyan]据说有位[purple]花神会[cyan]来到了[blue]泡泡星球[cyan],看到了迷迷茫茫的[red]□□[cyan],他严肃地走过去来摸一下这些[red]□□[cyan],逗的[green]□□[cyan]害羞,它们喜欢[purple]花神会,[purple]花神会[cyan]发现了它们的装甲修上了名字[white]『D』S-1,[purple]花神会[cyan]看到后惊讶,心想这个人做出了多么辉煌的东西,可惜被许多帝国主义的人们杀了他,非常可惜啊.决定留下了这些可爱的[green]□□,[purple]花神会[cyan]对它们称呼[green]蚫子[cyan].",
"flying":false,
"speed":0.6
"armor":1
"hitSize":5
"health": 50,
"itemCapacity":20
"commandLimit":3
"ammoCapacity":500,
"ammoResupplyAmount":50,
"weapons":[
{
  "name":"激光1"
  "x":0
  "y":0
  "top": false
  "rotate":false
  "mirror":true
  "reload": 4,
  "shootSound":"none",
  "ejectEffect":"casing1"
  "shots": 1,
  "inaccuracy":0
  "alternate":true,
  "ignoreRotation": false,
  "bullet":{
    "type": "sapBulletType",
    "sapStrength": 0.90,
    "length": 230.0,
    "damage": 35,
    "shootEffect": "shootSmall",
    "hitColor": "bf92f9",
    "despawnEffect": "none",
    "width": 0.34,
    "lifetime": 100.0,
    "knockback": -1.24
            }
        }
    ]
    "research" : "㻰星兵工厂",
}