{
   "name":"轨霓",
   "description":"像偷家一样的飞船",
   "flying":true,
   "speed":1.8
   "hitSize":160	
   "range": 300.00,
   "accel": 0.04,
   "lightRadius": 350,	
   "groundLayer": 75,
   "health": 65000
   "armor":1200.0
   "drag": 0.016,
   "itemCapacity":20
   "engineOffset": 42.00,
   "mechFrontSway":0.55
   "commandLimit":8
   "ammoCapacity":500,
   "ammoResupplyAmount":50,
   "mineTier":8
   "mineSpeed":125.5
   "buildSpeed":50
   "weapons":[
      {"name":"轨道之光",
            "reload": 350.00,
            "x": 0,
            "y":-120
            "rotate": false,
            "shake": 1.00,
            "shots": 1,
            "inaccuracy": 0.01,
            "velocityRnd": 0.20,
            "mirror":false
            "bullet": {
         "type": "LaserBulletType",
    "damage": 8500,
    "colors": ["00F5FF", "98F5FF", "97FFFF"],
    "hitSize": 90,
    "lifetime": 65.00,
    "drawSize": 400.00,
    "collidesAir": true,
    "length": 1500.00,
    "ammoMultiplier": 1.00
                         "type" : "LaserBulletType",
                    "StatusEffect":"unmoving"
                    "length" : 1500,//长
                    "damage" : 8500,//伤害
                    "width" : 90,//宽
                    "despawnEffect":"none"//特效
                    "lifetime" : 75,//存在时间
                    "hitEffect":"hitLancer"//特效
                    "lightningSpacing" : 35,//伴随的闪电的间距
                    "lightningLength" : 8,//伴随的闪电的长度
                    "lightningDelay" : 1.1,//伴随闪电的延迟？，没测过也许是持续时间
                    "lightningLengthRand" : 15,//长度带？？？我不懂
                    "lightningDamage" : 50,//闪电的伤害
                    "lightningAngleRand" : 40,//角度带？？？我不懂
                    "lightningSpacing" : 35,//伴随的闪电的间距
                    "lightningLength" : 5,//伴随的闪电的长度
                    "lightningDelay" : 1.1,//伴随闪电的延迟
                    "lightningLengthRand" : 15,//闪电长度的变化距离
                    "lightningDamage" : 300,//闪电的伤害
                    "lightningAngleRand" : 40,//闪电偏转角度带范围
                }
            }
    {
            "name":"无㻰"
            "reload": 6.50,
            "x": 47,
            "y":120
            "rotate": true,
            "shake": 1.00,
            "shots": 1,
            "inaccuracy": 0.01,
            "velocityRnd": 0.20,
            "mirror":true
            "bullet": {
    "type": "sapBulletType",
    "sapStrength": 1.20,
    "length": 720.0,
    "damage": 45,
    "shootEffect": "shootSmall",
    "hitColor": "bf92f9",
    "despawnEffect": "none",
    "width": 0.74,
    "lifetime": 35.0,
    "knockback": -1.24
    }
}
    {
            "name":"无㻰"
            "reload": 6.50,
            "x": 47,
            "y":120
            "rotate": true,
            "shake": 1.00,
            "shots": 1,
            "inaccuracy": 0.01,
            "velocityRnd": 0.20,
            "mirror":true
            "bullet": {
    "type": "sapBulletType",
    "sapStrength": 1.20,
    "length": 720.0,
    "damage": 45,
    "shootEffect": "shootSmall",
    "hitColor": "bf92f9",
    "despawnEffect": "none",
    "width": 0.74,
    "lifetime": 35.0,
    "knockback": -1.24
    }
}
    {
            "name":"无㻰"
            "reload": 6.50,
            "x": 47,
            "y":130
            "rotate": true,
            "shake": 1.00,
            "shots": 1,
            "inaccuracy": 0.01,
            "velocityRnd": 0.20,
            "mirror":true
            "bullet": {
    "type": "sapBulletType",
    "sapStrength": 1.20,
    "length": 720.0,
    "damage": 45,
    "shootEffect": "shootSmall",
    "hitColor": "bf92f9",
    "despawnEffect": "none",
    "width": 0.74,
    "lifetime": 35.0,
    "knockback": -1.24
    }
}
    {
            "name":"无㻰"
            "reload": 6.50,
            "x": 47,
            "y":130
            "rotate": true,
            "shake": 1.00,
            "shots": 1,
            "inaccuracy": 0.01,
            "velocityRnd": 0.20,
            "mirror":true
            "bullet": {
    "type": "sapBulletType",
    "sapStrength": 1.20,
    "length": 720.0,
    "damage": 45,
    "shootEffect": "shootSmall",
    "hitColor": "bf92f9",
    "despawnEffect": "none",
    "width": 0.74,
    "lifetime": 35.0,
    "knockback": -1.24
    }
}
    {
            "name":"无㻰"
            "reload": 6.50,
            "x": 47,
            "y":140
            "rotate": true,
            "shake": 1.00,
            "shots": 1,
            "inaccuracy": 0.01,
            "velocityRnd": 0.20,
            "mirror":true
            "bullet": {
    "type": "sapBulletType",
    "sapStrength": 1.20,
    "length": 720.0,
    "damage": 45,
    "shootEffect": "shootSmall",
    "hitColor": "bf92f9",
    "despawnEffect": "none",
    "width": 0.74,
    "lifetime": 35.0,
    "knockback": -1.24
    }
}
    {
            "name":"无㻰"
            "reload": 6.50,
            "x": 47,
            "y":140
            "rotate": true,
            "shake": 1.00,
            "shots": 1,
            "inaccuracy": 0.01,
            "velocityRnd": 0.20,
            "mirror":true
            "bullet": {
    "type": "sapBulletType",
    "sapStrength": 1.20,
    "length": 720.0,
    "damage": 45,
    "shootEffect": "shootSmall",
    "hitColor": "bf92f9",
    "despawnEffect": "none",
    "width": 0.74,
    "lifetime": 35.0,
    "knockback": -1.24
    }
}
    {
            "name":"无㻰"
            "reload": 6.50,
            "x": 47,
            "y":150
            "rotate": true,
            "shake": 1.00,
            "shots": 1,
            "inaccuracy": 0.01,
            "velocityRnd": 0.20,
            "mirror":true
            "bullet": {
    "type": "sapBulletType",
    "sapStrength": 1.20,
    "length": 720.0,
    "damage": 45,
    "shootEffect": "shootSmall",
    "hitColor": "bf92f9",
    "despawnEffect": "none",
    "width": 0.74,
    "lifetime": 35.0,
    "knockback": -1.24
    }
}
    {
            "name":"无㻰"
            "reload": 6.50,
            "x": 47,
            "y":150
            "rotate": true,
            "shake": 1.00,
            "shots": 1,
            "inaccuracy": 0.01,
            "velocityRnd": 0.20,
            "mirror":true
            "bullet": {
    "type": "sapBulletType",
    "sapStrength": 1.20,
    "length": 720.0,
    "damage": 45,
    "shootEffect": "shootSmall",
    "hitColor": "bf92f9",
    "despawnEffect": "none",
    "width": 0.74,
    "lifetime": 35.0,
    "knockback": -1.24
    }
}
    {
            "name":"无㻰"
            "reload": 6.50,
            "x": 47,
            "y":80
            "rotate": true,
            "shake": 1.00,
            "shots": 1,
            "inaccuracy": 0.01,
            "velocityRnd": 0.20,
            "mirror":true
            "bullet": {
    "type": "sapBulletType",
    "sapStrength": 1.20,
    "length": 720.0,
    "damage": 45,
    "shootEffect": "shootSmall",
    "hitColor": "bf92f9",
    "despawnEffect": "none",
    "width": 0.74,
    "lifetime": 35.0,
    "knockback": -1.24
    }
}
    {
            "name":"无㻰"
            "reload": 6.50,
            "x": 47,
            "y":80
            "rotate": true,
            "shake": 1.00,
            "shots": 1,
            "inaccuracy": 0.01,
            "velocityRnd": 0.20,
            "mirror":true
            "bullet": {
    "type": "sapBulletType",
    "sapStrength": 1.20,
    "length": 720.0,
    "damage": 45,
    "shootEffect": "shootSmall",
    "hitColor": "bf92f9",
    "despawnEffect": "none",
    "width": 0.74,
    "lifetime": 35.0,
    "knockback": -1.24
    }
}
            ]
      "abilities": [
{
        "type": "UnitSpawnAbility"
        "unit": "zenith"
        "spawnTime": 600.0
        "spawnX": -72
        "spawnY": -110
           }
{
        "type": "UnitSpawnAbility"
        "unit": "zenith"
        "spawnTime": 600.0
        "spawnX": 72
        "spawnY": -110
    }
{
        
        "type": "ShieldRegenFieldAbility"
        "amount": 500.0
        "max": 6500.0
        "reload": 300.0
        "range": 210.0
    }
{
        "type": "RepairFieldAbility"
        "amount": 1500
        "reload": 500
        "range": 270
    }
                 ]
          }
       