{
	"type":"PowerTurret",
	"name" : "S-涩莱",
	"size":5,
	"speed":3
	"health":25000,
	"range": 390,
	"shots" : 1,
	"description":"很多人不知道这种炮塔...可惜制作炮塔的名人被帝国主义的人们杀了,最后帝国主义的人们占用了他的炮塔的蓝图
[S.T.H]名字分类有3种,[S]是符号的秘密,称呼[Sreiustt]=翻译=[蝼曼之光]
[grey]还好帝国主义的人们很粗心,炮塔留下了几段机器留言,它试图上连帝国主义的星球的网络(帝国主义的网络非常强,据说网络20光年每秒),它上连成功,它知道了它自己电量不行了[电量:1.65%],于是它找到了花神会的网络,这些段留言送给他||||||*电量[0.00%] | 关机*||||||
他看到了机器人留下了这些遗言:
[white]1:[cyan]亲爱的你,很抱歉地对你增加烦心,我是S-涩莱机器人,留下了逝世前的名人的段句.
[white]2:[cyan]同志,我被帝国主义暴占的星球,我没办法让他们出去,因为他们都太强了.
[white]3:[cyan]炮塔的价格很贵,但伤害高.话说这个炮塔我尽力的制作它,非常成功我很满意.
[white]4:[cyan]同志,求你帮我打败这些恶毒的帝国主义的人们,好吗?我会给你一些礼物,感谢!
[white]5:[cyan]*名人已死*   *发布地区号*
[grey]花神会冷静的看这些留言,对人们说嘿!同志们,我们去这个名人已死的地区.人们说是!"

   "consumes": {
       "power": 210.0,
       }
       "drawer":{
    "type":"DrawTurret",
"parts":[
    {
    "type":"ShapePart",//前/外圆/圈
    "progress":0.9,
    "color":"#FFFFFF",
    "circle":true,
    "hollow":true,
    "stroke":0,
    "strokeTo":1.6,
    "radius":11,
    "layer":30,
    "y":20,
    },{
    "type":"ShapePart",//前/外圈/方形
    "progress":0.9,
    "rotateSpeed":-0.75,"color":"#FFFFFF",
    "sides":3,"hollow":true,"stroke":0,
    "strokeTo":1.6,"radius":8,"layer":30,
    "y":20,
    },{
    "type":"ShapePart",//前/内圈/方形
    "progress":0.9,
    "rotateSpeed":0.75,
    "color":"#FFFFFF",
    "sides":3,
    "hollow":true,
    "stroke":0,
    "strokeTo":2,
    "radius":3,
    "layer":30,
    "y":20,
    },{   
    "type":"HaloPart",//前/三角形
    "progress":0.9,
    "color":"#FFFFFF",
    "tri":true,
    "shapes":3,
    "triLength":0,
    "triLengthTo":5,
    "radius":6,
    "haloRadius":11,
    "haloRotateSpeed":0.75,
    "shapeRotation":180,
    "haloRotation":180,
    "layer":30,
    "y":20,
    }
    {
    "type":"HaloPart",///后/外/三角形
    "progress":0.9,
    "color":"#FFFFFF",
    "tri":true,
    "shapes":3,
    "triLength":0,
    "triLengthTo":10,
    "radius":6,
    "haloRadius":16,
    "haloRotation":180,
    "layer":30,
    "y":-15,
},{
    "type":"HaloPart",//后/内/三角形
    "progress":0.9,
    "color":"#FFFFFF",
    "tri":true,
    "shapes":3,
    "triLength":0,
    "triLengthTo":3,
    "radius":6,
    "haloRadius":16,
    "shapeRotation":180,
    "haloRotation":180,
    "layer":30,
    "y":-15,
    },{
    "type":"HaloPart",//后/内圈/内/实三角形
    "progress":0.9,
    "color":"#FFFFFF",
    "sides":3,
    "tri":true,
    "shapes":3,
    "triLength":0,
    "triLengthTo":10,
    "shapeRotation":180,
    "radius":6,
    "haloRadius":16,
    "haloRotateSpeed":-1.5,
    "haloRotation":60,
    "layer":30,
    "y":-15,
    },{
        "type":"HaloPart",//后/内圈/外/实三角形
        "progress":0.9,
        "color":"#FFFFFF",
        "sides":3,"tri":true,"shapes":3,
        "triLength":0,
        "triLengthTo":4,
        "radius":6,
        "haloRadius":16,
        "haloRotateSpeed":-1.5,
        "haloRotation":60,
        "layer":30,
        "y":-15,
        },{
    "type":"ShapePart",//后/圆形
    "progress":0.9,
    "color":"#FFFFFF",
    "circle":true,
    "hollow":true,
    "stroke":0,
    "strokeTo":2,
    "radius":10,
    "layer":30,
    "y":-15,
    },{
       "type":"ShapePart",//后/内/三角形
        "progress":0.9,
        "color":"#FFFFFF",
        "sides":3,
        "rotation":90,
        "hollow":true,
        "stroke":0,
        "strokeTo":2,
        "radius":4,
        "layer":30,
        "y":-15,
        },{
    "type":"HaloPart",//后/外圈/空三角形
    "progress":0.9,
    "color":"#FFFFFF",
    "sides":3,
    "shapes":3,
    "hollow":true,
    "stroke":0,
    "strokeTo":2,
    "radius":3,
    "haloRadius":15.5,
    "haloRotateSpeed":1.5,
    "layer":30,
    "y":-15,
    }
      ]  }
       "shootType" : {
        "speed": 3,
			"damage":1350,
			"lifetime" : 125
			"pierce": "true",
			"pierceCap":5,
			"reloadMultiplier":0.5,
			"ammoMultiplier":4,
			"knockback":0.8,
			"width":25,
			"height":25,
			"sprite": "神恒之心-电磁弹",
			"inaccuracy":1,
			"fragBullets":11,
			//分裂7个弹药
			"lightningDamage":120,
			"lightning":5,
            "lightningLength":16,
        "status": {
        "name": "神恒之心-电子卡里",
        "localizedName": "电子卡里",
        "effectChance": 1.0,
        "damage": 550,
        "transitionDamage": 250,
        "affinities": ["wet", "shocked"],
        "effect": "absorb"
        }
			"smokeEffect": {
			"lifetime": 35
		},
        "shootEffect": "none",
        "hitEffect": "blastExplosion",
        "fragBullets": 8,
        "fragVelocityMin": 8,
        "fragCone": 30,
        "fragLifeMin": 1,
	    "fragBullet": {
	    "type": "BasicBulletType",
        "frontColor": "E1FFF9FF",
        "backColor": "E1FFF9FF",
        "sprite" : "神恒之心-电子",
	    "height" : 20,
	    "width" : 20,
	    "lifetime": 100,
	    "damage" : 750,
	    "pierce": true,
	    "pierceBuilding": true,
	    "splashDamage" : 750,
	    "splashDamageRadius" : 40,	
        "hitEffect": "flakExplosion"
	    }
	    "status": {
        "name": "电子卡里",
        "localizedName": "电子卡里",
        "effectChance": 1.0,
        "damage": 550,
        "transitionDamage": 250,
        "affinities": ["wet", "shocked"],
        "effect": "absorb"
        }
        },
	"requirements": [
		{ "item": "copper", "amount": 8800},
		{ "item": "silicon", "amount": 6500 },
		{ "item": "graphite", "amount": 3600 },
		{ "item": "titanium", "amount": 6800 },
		{ "item": "lead", "amount": 8800 }, 
		{"item":"phase-fabric","amount":2850},
		{ "item": "surge-alloy", "amount": 3500},
		],
   "category": "turret",
   "research":"S.T.H"
}