{
    "type": "itemTurret",
    "name" : "t2气旋",
    "description" :"原版的气旋加强,增强[cyan]攻击闪电和闪电距离"
    "health" : 2750,
    "size": 3,
    "alternate": true,
    "rotateSpeed": 10,
    "inaccuracy" : 0.00,
    "range" :550,
    "spread" : 1,
    "reloadTime" : 1.8
    "shootCone" : 21.50
    "requirements" : [
        "plastanium/695","lead/1000","graphite/725","thorium/820","titanium/820","silicon/680"]
        "shoot": {
        "shots": 6,
        "shotDelay": 1
        }
            "ammoTypes" : {
    "surge-alloy" : {
        "speed":9
        "height": 9,
        "width": 9,
		"targetAir":true,
	    "targetGround":true,
	    "alternate":true,
	    "damage":150,
	    "inaccuracy":15,
	    "reloadTime":1.8,
	    "rotateSpeed":10,
	//炮台转动速度
	    "range":550,
	    "homingPower":450,
	//追踪力度
	    "shots":6,
	    "spread":1.50,
	//炮口间隔自己对吧
	    "pierce":true,
	//穿透
	    "lifetime": 110
		"inaccuracy":1,
		"fragBullets":14,
			//分裂10个弹药
		"lightningDamage":115,
		"lightning":20,
        "lightningLength":20,
        "status":"shocked"
	    }
	}
	"category": "turret",
	"research" : "cyclone"
}
//"type": "RailBulletType",
    //"shootEffect": "railShoot",
    //"length": 500,
    //"updateEffectSeg": 60.0,
    //"pierceEffect": "railHit",
    //"updateEffect": "railTrail",
    //"hitEffect": "massiveExplosion",
    //"smokeEffect": "shootBig2",
    //"damage": 1250,
    //"pierceDamageFactor": 0.5
        //属性解释
    //type: !必须!，用于区分每个方块的类型
    //category: 在建筑界面的分类（见后）
    //requirements: !必须!，建造所消耗的资源，特定类型ItemStack[]（见后）
    //ammoTypes: !必须!，子弹类型（见后）
    //spread: 多发子弹的分散程度(shots>1)
    //shots: 1弹药=?子弹实体
    //alternate: 轮流发射(而非霰弹枪效果)(shots>1)
    //reloadTime: 装填时间(帧)
    //restitution: 不知道
    //range: 检测范围(而非射程范围)，计算： 8r，其中r为检测半径
    //shootCone: 不知道
    //health: 生命值
    //inaccuracy: 偏差角度
    //rotateSpeed: 转速
    //size: 方块大小
    //recoliAmount: 后坐力
    //liquidCapacity: 液体容量，类似于弹夹容量
    //shootType: 对于特殊弹药输入的方法，内部字段type!必须!，其余非本期讨论内容，只需理解
    //powerUse: 能量的使用，电量计算方式：60w
    //targetAir: 瞄准空军(true为瞄准,false相反)
    //接上: targetGround: 瞄准陆军
    //force: 牵引力
    //scaledForce: 等比缩放牵引力(?)
    //damage: 每帧伤害，即60 * damage
    //consumes: 消耗器，在工厂最为常用
    //shootLength: 射击长度(?)
    //bulletDamage: 子弹伤害
    //shootShake: 射击屏幕抖动幅度
    //firingMoveFract: ?
    //shootDuration: 持续时间(帧)