{
    "type":"LiquidTurret",
    "name": "t2浪涌",
    "requirements": [
        "metaglass/415","lead/325","graphite/250","silicon/210","titanium/75","thorium/50"
    ],
    "shot" : {
        "shots" : 19,
        "shotDelay": 1,
        "barrels" : [
            0,0,0,
            0,0,2,
            0,0,-2,
            0,0,3,
            0,0,-3,
            0,0,4,
            0,0,-4,
            0,0,5,
            0,0,-5
            0,0,6,
            0,0,-6,
            0,0,1,
            0,0,-1,
            0,0,2,
            0,0,-2,
            0,0,3,
            0,0,-3,
            0,0,4,
            0,0,-4,
        ]
    }
    "ammoTypes":{
    "water":{
    "type":"LiquidBulletType",
    "damage": 25
    "status":"wet",
    "liquid":"water",
    "lifetime": 200.80,
    "speed":3
    "knockback":1
    "ammoMultiplier":1
    "shrinkX":0.2
    "shrinkY":0.2
    }

    "slag":{
    "type":"LiquidBulletType",
    "damage": 45
    "status":"burning",
    "liquid":"slag",
    "lifetime": 200.80,
    "speed":3
    "knockback":1
    "ammoMultiplier":1
    "shrinkX":0.2
    "shrinkY":0.2
    }
    "oil":{
    "type":"LiquidBulletType",
    "damage": 15
    "status":"tarred",
    "liquid":"oil",
    "lifetime": 200.80,
    "speed":3
    "knockback":1
    "ammoMultiplier":1
    "shrinkX":0.2
    "shrinkY":0.2
    }
    "cryofluid":{
    "type":"LiquidBulletType",
    "damage": 15
    "status":"freezing",
    "liquid":"cryofluid",
    "lifetime": 200.80,
    "speed":3
    "knockback":1
    "ammoMultiplier":1
    "shrinkX":0.2
    "shrinkY":0.2
    }
}
    "size": 9,
    "recoliAmount": 0.00,
    "reload": 0.10,
    "inaccuracy": 5.00,
    "shootCone": 50.00,
    "liquidCapacity": 50.00,
    "range": 415.00,
    "health": 5500
       "category": "turret",
       "research": "wave"
}
//{
    //"type": "LiquidBulletType",
    //"damage": 4,
    //"drag": 0.01,
    //"liquid": "slag",  // <- 这个一定要写
    //"status": "burning",
    //"ammoMultiplier": 1,
    //"lifetime": 34.00,
    //"statusDuration": 120.00,
    //"knockback": 0.55,
    //"displayAmmoMultiplier": false
//}
//liquid: 使用的液体
//statusDuration: 效果持续时间
//knockback: 击退
//displayAmmoMultiplier: 显示弹药倍率
//size: 方块大小
//recoliAmount: 后坐力
//liquidCapacity: 液体容量，类似于弹夹容量
//{
    //"type":"LiquidTurret"
    //"name":"海浪"
    //"health": 640,
    //"size": 2,
    //"range": 250,
    //"reload": 0.5,
    //"shots": 20,
    //"liquidCapacity": 40,
    //"inaccuracy": 6
    //"ammoTypes":{
    //"water":{
    //"type":"LiquidBulletType",
    //"damage": 1
    //"status":"wet",
    //"liquid":"water",
    //"lifetime": 44,
    //"speed":4
    //"knockback":1
    //"ammoMultiplier":5
    //"shrinkX":0.2
    //"shrinkY":0.2
    //}
    //}