{
	"type": "PowerTurret",
	"size": 2,
	"name":"t2蓝瑟",
	"description":"升级蓝瑟炮，绿色节能更高效",
	"health": 280,
	"reloadTime": 60,
	"range": 190,
	"inaccuracy": 0,
	"shots" : 1,
	"targetAir" : true, 
	"targetGround" : true,
	"shootCone" : 2,
	"spread" : 4,
	"recoilAmount" : 1.5,
	"restitution" : 0.04, 
	"rotateSpeed": 80,
	"shootSound" : "lasershoot",
    "powerUse" : 1.5,
	"hasPower" : true,
	"shootType" : {
		"type" : "LaserBulletType",
                   "length" : 160,
                    "damage" : 200,
                    "width" : 15,
              "despawnEffect":"none"
                    "lifetime" : 65,
              "hitEffect":"hitLancer"
             
	},
	"requirements": [
		{ "item": "copper", "amount": 1},
		],
	"category": "turret",
	"research": "arc"
}