{
   "type":"itemTurret",
   "name":"『Ω』神格",
   "category":"turret",
   "reload": 280,
   "requirements":[
       {"item":"surge-alloy","amount":1500},
       {"item":"无恒锭","amount":250},
       {"item":"无神核能心","amount":250}
   ],

   "drawer":{"type":"DrawMulti",
    "drawers":[{"type":"DrawTurret",
    "parts":[
    {"type":"RegionPart",
    "mirror":true,
    "under" : true,
    "x":10,"y":-16,
    "suffix":"-3",
    "layer":210,
    "moveX":28,
    "moveY":-11,
    "moveRot":55,
    },{"type":"RegionPart",
    "mirror":true,
    "under" : true,
    "x":12,"y":-10,
    "suffix":"-2",
    "layer":210,
    "moveX":27,
    "moveY":-21,
    "moveRot":85,
    },{"type":"RegionPart",
    "mirror":true,
    "x":2,"y":5,
    "suffix":"-1",
    "layer":50,
    "moveX":10,
    "moveY":19,
    //"moveRot":100
    },{"type":"RegionPart",
    "mirror":false,
    "x":0,"y":0,
    "suffix":"-4",
    "layer":50,
    "moveX":0,
    "moveY":0,
    }
    ]}]}
    
   "consumes": {
       "power": 25.5
}
     
     "ammoTypes": {
     "无恒锭":{
     "type": "LaserBulletType",
     "length" : 1500,
     "damage" : 8500000,
     "colors": ["835cc3" "bc93ff" "000000"],
     "width" :90
     "hitSize": 90,
     "lifetime": 45.00,
     "drawSize": 400.00,
     "collidesAir": true,
     "ammoMultiplier": 1.00
     
     
		"type" : "LaserBulletType",
                   "length" : 1500,//长
                    "damage" : 8500000,//伤害
                    "width" : 90,//宽
              "despawnEffect":"none"//特效
                    "lifetime" : 65,//存在时间
              "hitEffect":"hitLancer"//特效
                    "lightningSpacing" : 35,//伴随的闪电的间距
                    "lightningLength" : 5,//伴随的闪电的长度
                    "lightningDelay" : 1.1,//伴随闪电的延迟？，没测过也许是持续时间
                    "lightningLengthRand" : 15,//长度带？？？我不懂
                    "lightningDamage" : 50,//闪电的伤害
                    "lightningAngleRand" : 40,//角度带？？？我不懂
                    "lightningSpacing" : 35,//伴随的闪电的间距
                    "lightningLength" : 5,//伴随的闪电的长度
                    "lightningDelay" : 1.1,//伴随闪电的延迟
                    "lightningLengthRand" : 15,//闪电长度的变化距离
                    "lightningDamage" : 250,//闪电的伤害
                    "lightningAngleRand" : 40,//闪电偏转角度带范围
        	}
     
     }
     
      
    
  
   "size":15,
   "spread":1.00,
   "shots":1,
   "alternate":false,
   "restitution":0.03,
   "range":1500,
   "shootCone":4500.00,
   "health":285000,
   "inaccuracy":0.00,
   "rotateSpeed":1.20,
   
   "research":"foreshadow"
}