{
	"name": "克修",
	"description": "可以帮你建造建筑。",
	"type": "BuildTurret",
	"drawer":{"type":"DrawMulti",
    "drawers":[{"type":"DrawTurret",
    "parts":[
    {"type":"RegionPart",
    "mirror":true,
    "under" : true,
    "x":2,"y":3,
    "suffix":"-1",
    "layer":660,
    "moveX":1,
    "moveY":0,
    "moveRot":-25
    }
    ]}]}
	"health": 1060,
	"size": 3,
	"range":580,
	"buildSpeed": 5.5,
	"canOverdrive": false,
	"consumes": {
		"power": 8.5},
	"requirements": [
	{ "item":"copper","amount":220},
	{ "item":"graphite","amount":120},
	{ "item":"silicon","amount":80},
	{ "item":"titanium","amount":100},
	{ "item":"潜铁板","amount":75},
	{ "item":"棱镜","amount":55}
	],
	"category": "turret",
	"research":"神力修复器"
}