{
    "name" : "抛射器",
    "type" : "itemTurret",
    "category" : "turret",
    "health" : 980,
    "range" : 450.40,
    "inaccuracy" : 1.25,
    "rotateSpeed" : 11.85,
    "size" : 1,
    "reloadTime" : 6.5,
    "recoliAmount" : 1.5,
    "liquidCapacity" : 1.0
    "description" : "在吗?哦,你在啊,还好.话说我没看见真正的黑暗深入...\n[grey]哎,我问一下...啊?\n[grey]对不起!全部都是是我错.\n[grey]你好?我需要你的帮助我,好吗?啊,你拒绝我啊...\n[grey]再见吧,我自杀了,有你好生活不错,我已经无法接受我的绝望的生活..."
    "requirements" : [
       {"item":"copper","amount":350},
       {"item":"silicon","amount":300},
       {"item":"metaglass","amount":85},
       {"item":"graphite","amount":95}
   ],
            "ammoTypes" : {
                "copper" : {
                    "type": "ArtilleryBulletType",
                    "speed": 4.95,
                    "damage": 350,
                    "knockback": 3.50,
                    "lifetime": 340.00,
                    "width": 25.00,
                    "height": 25.00,
                    "collidesTiles": false,
                    "splashDamageRadius": 125.75,
                    "splashDamage": 350.00
                    "fragBullets": 6,
     	            "fragCone": 360,
		            "fragBullet": {
		                "type": "ArtilleryBulletType",
		                "speed": 4.55,
		                "damage": 285,
		                "knockback": 2.95,
                        "lifetime": 310.00,
                        "width": 20.00,
                        "height": 20.00,
                        "collidesTiles": true,
                        "splashDamageRadius": 110.55,
                        "splashDamage": 285.00,
                        "fragBullets" : 4,
                        "fragCone" : 360,
                        "fragBullet" : {
                            "type" : "AirilleryBulletType",
                            "speed" : 3.10,
                            "damage" : 235,
                            "knockback" : 2.25,
                            "lifetime" : 255.00,
                            "width": 15.00,
                            "height": 15.00,
                            "collidesTiles": true,
                            "splashDamageRadius": 100.15,
                            "splashDamage": 235.00,
                            "fragBullets" : 1,
                            "fragCone" : 360,
                            "fragBullet" : {
                                "type" : "AirilleryBulletType",
                                "speed" : 3.10,
                                "damage" : 200,
                                "knockback" : 2.25,
                                "lifetime" : 205.00,
                                "width": 13.00,
                                "height": 13.00,
                                "collidesTiles": true,
                                "splashDamageRadius": 90.15,
                                "splashDamage": 200.00,
                                "fragBullets" : 1,
                                "fragCone" : 360,
                                "fragBullet" : {
                                    "type" : "AirilleryBulletType",
                                    "speed" : 2.10,
                                    "damage" : 180,
                                    "knockback" : 1.55,
                                    "lifetime" : 125.00,
                                    "width": 13.00,
                                    "height": 13.00,
                                    "collidesTiles": true,
                                    "splashDamageRadius": 85.65,
                                    "splashDamage": 180.00,
                                    "fragBullets" : 1,
                                    "fragCone" : 360,
                                    "fragBullet" : {
                                        "type" : "AirilleryBulletType",
                                        "speed" : 2.10,
                                        "damage" : 165,
                                        "knockback" : 1.55,
                                        "lifetime" : 158.00,
                                        "width": 13.00,
                                        "height": 13.00,
                                        "collidesTiles": true,
                                        "splashDamageRadius": 80.25,
                                        "splashDamage": 165.00,
"fragBullets" : 1,
"fragCone" : 360,
"fragBullet" : {
    "type" : "AirilleryBulletType",
    "speed" : 2.10,
    "damage" : 145,
    "knockback" : 1.55,
    "lifetime" : 125.00,
    "width": 13.00,
    "height": 13.00,
    "collidesTiles": true,
    "splashDamageRadius": 80.25,
    "splashDamage": 145.00,
    "fragBullets" : 1,
    "fragCone" : 360,
    "fragBullet" : {
        "type" : "AirilleryBulletType",
        "speed" : 2.10,
        "damage" : 115,
        "knockback" : 1.55,
        "lifetime" : 105.00,
        "width": 13.00,
        "height": 13.00,
        "collidesTiles": true,
        "splashDamageRadius": 70.85,
        "splashDamage": 115.00,
        "fragBullets" : 1,
        "fragCone" : 360,
        "fragBullet" : {
            "type" : "AirilleryBulletType",
            "speed" : 2.10,
            "damage" : 85,
            "knockback" : 1.55,
            "lifetime" : 80.00,
            "width": 13.00,
            "height": 13.00,
            "collidesTiles": true,
            "splashDamageRadius": 60.85,
            "splashDamage": 85.00,
            "fragBullets" : 1,
            "fragCone" : 360,
            "fragBullet" : {
                "type" : "AirilleryBulletType",
                "speed" : 2.10,
                "damage" : 55,
                "knockback" : 1.55,
                "lifetime" : 75.00,
                "width": 13.00,
                "height": 13.00,
                "collidesTiles": true,
                "splashDamageRadius": 40.85,
                "splashDamage": 55.00,
                    //speed: 子弹速度
                    //damage: 子弹伤害
                    //knockback: 击退
                    //lifetime: 存活时间
                    //width: 子弹宽度(有关碰撞箱)
                    //height: 子弹长度(有关碰撞箱)
                    //collidesTiles: 子弹是否碰撞实体(非本阵营墙, ... )
                    //splashDamageRadius: 溅射半径
                    //splashDamage: 溅射伤害
            },
        },
    },
},
                            },
                        },
                    },
                },
            },
       },
                "pyratite" : {
                    "type": "ArtilleryBulletType",
                    "speed": 4.95,
                    "damage": 350,
                    "knockback": 3.50,
                    "lifetime": 340.00,
                    "width": 25.00,
                    "height": 25.00,
                    "collidesTiles": false,
                    "splashDamageRadius": 125.75,
                    "splashDamage": 350.00
                    "status" : "burning",
                    "backColor":"E4B067FF",	
                    "frontColor":"E4B067FF",
 	                "heatColor":"E4B067FF",
	                "trailColor":"E4B067FF",
                    "fragBullets": 6,
     	            "fragCone": 360,
		            "fragBullet": {
		                "type": "ArtilleryBulletType",
		                "speed": 4.55,
		                "damage": 285,
		                "knockback": 2.95,
                        "lifetime": 310.00,
                        "width": 20.00,
                        "height": 20.00,
                        "collidesTiles": true,
                        "splashDamageRadius": 110.55,
                        "splashDamage": 285.00,
                        "status" : "burning",
                        "backColor":"E4B067FF",	
                        "frontColor":"E4B067FF",
 	                    "heatColor":"E4B067FF",
	                    "trailColor":"E4B067FF",
                        "fragBullets" : 4,
                        "fragCone" : 360,
                        "fragBullet" : {
                            "type" : "AirilleryBulletType",
                            "speed" : 3.10,
                            "damage" : 235,
                            "knockback" : 2.25,
                            "lifetime" : 255.00,
                            "width": 15.00,
                            "height": 15.00,
                            "collidesTiles": true,
                            "splashDamageRadius": 100.15,
                            "splashDamage": 235.00,
                            "status" : "burning",
                            "backColor":"E4B067FF",	
                            "frontColor":"E4B067FF",
 	                        "heatColor":"E4B067FF",
	                        "trailColor":"E4B067FF",
                            "fragBullets" : 1,
                            "fragCone" : 360,
                            "fragBullet" : {
                                "type" : "AirilleryBulletType",
                                "speed" : 3.10,
                                "damage" : 200,
                                "knockback" : 2.25,
                                "lifetime" : 205.00,
                                "width": 13.00,
                                "height": 13.00,
                                "collidesTiles": true,
                                "splashDamageRadius": 90.15,
                                "splashDamage": 200.00,
                                "status" : "burning",
                                "backColor":"E4B067FF",	
                                "frontColor":"E4B067FF",
 	                            "heatColor":"E4B067FF",
	                            "trailColor":"E4B067FF",
                                "fragBullets" : 1,
                                "fragCone" : 360,
                                "fragBullet" : {
                                    "type" : "AirilleryBulletType",
                                    "speed" : 2.10,
                                    "damage" : 180,
                                    "knockback" : 1.55,
                                    "lifetime" : 125.00,
                                    "width": 13.00,
                                    "height": 13.00,
                                    "collidesTiles": true,
                                    "splashDamageRadius": 85.65,
                                    "splashDamage": 180.00,
                                    "status" : "burning",
                                    "backColor":"E4B067FF",	
                                    "frontColor":"E4B067FF",
 	                                "heatColor":"E4B067FF",
	                                "trailColor":"E4B067FF",
                                    "fragBullets" : 1,
                                    "fragCone" : 360,
                                    "fragBullet" : {
                                        "type" : "AirilleryBulletType",
                                        "speed" : 2.10,
                                        "damage" : 165,
                                        "knockback" : 1.55,
                                        "lifetime" : 158.00,
                                        "width": 13.00,
                                        "height": 13.00,
                                        "collidesTiles": true,
                                        "splashDamageRadius": 80.25,
                                        "splashDamage": 165.00,
                                        "status" : "burning",
                                        "backColor":"E4B067FF",	
                                        "frontColor":"E4B067FF",
 	                                    "heatColor":"E4B067FF",
	                                    "trailColor":"E4B067FF",
"fragBullets" : 1,
"fragCone" : 360,
"fragBullet" : {
    "type" : "AirilleryBulletType",
    "speed" : 2.10,
    "damage" : 145,
    "knockback" : 1.55,
    "lifetime" : 125.00,
    "width": 13.00,
    "height": 13.00,
    "collidesTiles": true,
    "splashDamageRadius": 80.25,
    "splashDamage": 145.00,
    "status" : "burning",
    "backColor":"E4B067FF",	
    "frontColor":"E4B067FF",
 	"heatColor":"E4B067FF",
	"trailColor":"E4B067FF",
    "fragBullets" : 1,
    "fragCone" : 360,
    "fragBullet" : {
        "type" : "AirilleryBulletType",
        "speed" : 2.10,
        "damage" : 115,
        "knockback" : 1.55,
        "lifetime" : 105.00,
        "width": 13.00,
        "height": 13.00,
        "collidesTiles": true,
        "splashDamageRadius": 70.85,
        "splashDamage": 115.00,
        "status" : "burning",
        "backColor":"E4B067FF",	
        "frontColor":"E4B067FF",
 	    "heatColor":"E4B067FF",
	    "trailColor":"E4B067FF",
        "fragBullets" : 1,
        "fragCone" : 360,
        "fragBullet" : {
            "type" : "AirilleryBulletType",
            "speed" : 2.10,
            "damage" : 85,
            "knockback" : 1.55,
            "lifetime" : 80.00,
            "width": 13.00,
            "height": 13.00,
            "collidesTiles": true,
            "splashDamageRadius": 60.85,
            "splashDamage": 85.00,
            "status" : "burning",
            "backColor":"E4B067FF",	
            "frontColor":"E4B067FF",
 	        "heatColor":"E4B067FF",
	        "trailColor":"E4B067FF",
            "fragBullets" : 1,
            "fragCone" : 360,
            "fragBullet" : {
                "type" : "AirilleryBulletType",
                "speed" : 2.10,
                "damage" : 55,
                "knockback" : 1.55,
                "lifetime" : 75.00,
                "width": 13.00,
                "height": 13.00,
                "collidesTiles": true,
                "splashDamageRadius": 40.85,
                "splashDamage": 55.00,
                "status" : "burning",
                "backColor":"E4B067FF",	
                "frontColor":"E4B067FF",
 	            "heatColor":"E4B067FF",
	            "trailColor":"E4B067FF",
                    //speed: 子弹速度
                    //damage: 子弹伤害
                    //knockback: 击退
                    //lifetime: 存活时间
                    //width: 子弹宽度(有关碰撞箱)
                    //height: 子弹长度(有关碰撞箱)
                    //collidesTiles: 子弹是否碰撞实体(非本阵营墙, ... )
                    //splashDamageRadius: 溅射半径
                    //splashDamage: 溅射伤害
            },
        },
    },
},
                            },
                        },
                    },
                },
            },
       },
},
    "research":"空预"
}