{
   "type":"PowerTurret",
   "name":"死焉",
   "category":"turret",
      "size":16,
      "description" : "[grey]这一炮,这就是象征的胜利!\n[grey]––––––––––––死焉\n[black]这是纪念炮哦~"
   "spread":2.10,
   "alternate":false,
   "restitution":0.03,
   "range":1200,
   "health":285000,
   "inaccuracy":1.18,
   "rotateSpeed":0.05,
   "reload": 125,
    "shoot": {
                "shoot": 1,
                "firstShotDelay": 100,
                "type":"ShootBarrel",
	            "barrels":[
        0,52,0,
    ]
                }

   "drawer":{"type":"DrawMulti",
    "drawers":[
        {"type":"DrawTurret",
    "parts":[
    {"type":"RegionPart",
    "mirror":true,
    "under":true,
    "x":20,"y":-8,
    "suffix":"-5",
    "layer":10/*1680*/,
    "moveX":0,
    "moveY":-28,
    "moveRot":0
    },{"type":"RegionPart",
    "mirror":true,
    "under":true,
    "x":-7,"y":28,
    "suffix":"-4",
    "layer":10/*1680*/,
    "moveX":0,
    "moveY":100,
    "moveRot":0
    },{"type":"RegionPart",
    "mirror":true,
    "under" : true,
    "x":1,"y":-4,
    "suffix":"-3",
    "layer":10/*1680*/,
    "moveX":0,
    "moveY":0,
    "moveRot":0,
    },{"type":"RegionPart",
    "mirror":true,
    "under" : true,
    "x":-2,"y":-15,
    "suffix":"-2",
    "layer":10/*760*/,
    "moveX":17,
    "moveY":-17,
    },{"type":"RegionPart",
    "mirror":false,
    "under" : true,
    "x":0,"y":-8,
    "suffix":"-1",
    "layer":10/*760*/,
    "moveX":0,
    "moveY":0,
    },{
         "type": "shapePart",
         "y": -21,
        "hollow": true,
        "circle": true,
        "layer": 110,
         "color": "835cc3",
         "stroke": 0,
        "strokeTo": 1.4,
        "radiusTo": 10,
         "radius": 10
     },
        {
        "type": "HaloPart",
        "y": -21,
        "radius": 2.6,
        "tri": true,
        "layer": 110,
        "color": "835cc3",
        "haloRotateSpeed": 0.7,
        "haloRadius": 10,
        "haloRadiusTo": 10,
        "stroke": 0,
        "strokeTo": 2,
         "shapes": 4,
        "triLengthTo": 10,
         "triLength": 0
        },{
         "type": "shapePart",
         "y": -21,
        "hollow": true,
        "circle": true,
        "layer": 110,
         "color": "835cc3",
         "stroke": 0,
        "strokeTo": 1.4,
        "radiusTo": 20,
         "radius": 20
     },{
         "type": "shapePart",
         "y": -21,
        "hollow": true,
        "circle": true,
        "layer": 110,
         "color": "835cc3",
         "stroke": 0,
        "strokeTo": 2.5,
        "radiusTo": 45,
         "radius": 45
     },{
        "type": "HaloPart",
        "y": -21,
        "radius": 2.6,
        "tri": true,
        "layer": 110,
        "color": "835cc3",
        "haloRotateSpeed": 0.7,
        "haloRadius": 20,
        "haloRadiusTo": 20,
        "stroke": 0,
        "strokeTo": 2,
         "shapes": 5,
        "triLengthTo": 24,
         "triLength": 0
        },{   
    "type":"HaloPart",//前/三角形
    "color":"835cc3",
    "tri":true,
    "shapes":12,
    "triLength":0,
    "triLengthTo":5,
    "radius":6,
    "haloRadius":50,
    "haloRotateSpeed":0.7,
    "shapeRotation":180,
    "haloRotation":180,
    "layer":110,
    "y":-21,
    },{
         "type": "shapePart",
         "y": 115,
        "hollow": true,
        "circle": true,
        "layer": 110,
         "color": "835cc3",
         "stroke": 0,
        "strokeTo": 3.5,
        "radiusTo": 40,
         "radius": 40
     },{
         "type": "shapePart",
         "y": 115,
         "x": 45,
        "hollow": true,
        "circle": true,
        "layer": 110,
         "color": "835cc3",
         "stroke": 0,
        "strokeTo": 3.5,
        "radiusTo": 21,
         "radius": 21
     },{
         "type": "shapePart",
         "y": 115,
         "x": -45,
        "hollow": true,
        "circle": true,
        "layer": 110,
         "color": "835cc3",
         "stroke": 0,
        "strokeTo": 3.5,
        "radiusTo": 21,
         "radius": 21
     },{
         "type": "shapePart",
         "y": 0,
         "progress":0.9,
         "tri":true,
        "hollow": true,
        "circle": true,
        "layer": 110,
        "haloRotateSpeed":0.7,
         "color": "835cc3",
         "stroke": 0,
        "strokeTo": 16.5,
        "radiusTo": 250,
         "radius": 250
     },{   
    "type":"HaloPart",//前/三角形
    "color":"835cc3",
    "tri":true,
    "shapes":10,
    "triLength":0,
    "triLengthTo":16,
    "radius":6,
    "haloRadius":40,
    "haloRotateSpeed":0.7,
    "shapeRotation":180,
    "haloRotation":180,
    "layer":110,
    "y":115,
    },{
        "type": "HaloPart",
        "y": 0,
        "radius": 2.6,
        "progress":0.9,
        "tri": true,
        "hollow": true,
        "circle": true,
        "layer": 110,
        "color": "835cc3",
        "haloRotateSpeed": 0.7,
        "haloRadius": 250,
        "haloRadiusTo": 250,
        "stroke": 0,
        "strokeTo": 80,
         "shapes": 4,
         "radius":30,
        "triLengthTo": 50,
         "triLength": 0
        },{
         "type": "shapePart",
         "y": -93,
        "hollow": true,
        "circle": true,
        "layer": 110,
         "color": "835cc3",
         "stroke": 0,
        "strokeTo": 5.0,
        "radiusTo": 26,
         "radius": 26
     },{
    "type":"HaloPart",//后/外圈/空三角形
    "color":"835cc3",
    "sides":3,
    "shapes":3,
    "hollow":true,
    "stroke":0,
    "strokeTo":2,
    "radius":3,
    "haloRadius":22.5,
    "haloRotateSpeed":1.5,
    "layer":26,
    "y":-93,
    },{
       "type":"ShapePart",//后/内/三角形
        "color":"835cc3",
        "sides":3,
        "rotation":90,
        "hollow":true,
        "stroke":0,
        "strokeTo":2,
        "radius":4,
        "layer":30,
        "y":-93,
        }
    ]
    }
    ]
    },
    "moveWhileCharging": true,
    "update": true,
    "shootEffect": {
    "type": "multiEffect",
    "effects": [
    {
    "type": "ParticleEffect",
    "particles": 1,
    "lifetime": 75,
    "length": 0,
    "interp": "swingIn",
    "region": "神恒之心-tall",
    "sizeFrom": 46,
    "sizeTo": 0,
    "lightColor": "835cc3",
    "colorFrom": "bc93ff",
    "colorTo": "835cc3"
    },
    {
    "type": "ParticleEffect",
    "particles": 1,
    "length": 0,
    "lifetime": 75,
    "interp": "swingIn",
    "region": "神恒之心-spikething",
    "offsetX": 10,
    "sizeFrom": 25,
    "sizeTo": 1,
    "lightColor": "835cc3",
    "colorFrom": "bc93ff",
    "colorTo": "835cc3"
    }
    {
    "type": "ParticleEffect",
    "y": 75,
    "particles": 1,
    "sizeFrom": 2,
    "sizeTo": 38,
    "length": 0,
    "spin": 11,
    "lifetime": 100,
    "layer": 109,
    "region": "神恒之心-star",
    "colorFrom": "bc93ff",
    "colorTo": "835cc3",
    "cone": 360
    },
    {
    "type": "ParticleEffect",
    "y": 75,
    "lightOpacity": 0,
    "length": 0,
    "sizeFrom": 2,
    "sizeTo": 30,
    "region": "神恒之心-wide-thin",
    "particles": 1,
    "lifetime": 100,
    "colorFrom": "bc93ff",
    "colorTo": "835cc3",
    "spin": 6.5
    },
    {
    "type": "ParticleEffect",
    "y": 75,
    "lightOpacity": 0,
    "length": 0,
    "sizeFrom": 2,
    "sizeTo": 40,
    "region": "神恒之心-tall-thin",
    "particles": 1,
    "lifetime": 100,
    "colorFrom": "bc93ff",
    "colorTo": "835cc3",
    "spin": -6.5
    },
    {
    "type": "WaveEffect",
    "y": 75,
    "lifetime": 100,
    "sizeFrom": 90,
    "sizeTo": 0,
    "interp": "pow5In",
    "strokeFrom": 0,
    "strokeTo": 8,
    "lightColor": "835cc3",
    "colorFrom": "bc93ff",
    "colorTo": "835cc3"
    },
    {
    "type": "WaveEffect",
    "y": 75,
    "lifetime": 100,
    "sizeFrom": 70,
    "sizeTo": 0,
    "interp": "pow5In",
    "strokeFrom": 0,
    "strokeTo": 8,
    "lightColor": "835cc3",
    "colorFrom": "bc93ff",
    "colorTo": "835cc3"
    },
    {
    "type": "ParticleEffect",
    "line": true,
    "particles": 7,
    "lifetime": 130,
    "offset": 50,
    "length": 75,
    "baseLength": -75,
    "cone": 360,
    "interp": "pow3In",
    "sizeInterp": "pow5Out",    
    "strokeFrom": 0,
    "strokeTo": 1.6,    
    "lenFrom": 0,
    "lenTo": 7,
    "colorFrom": "bc93ff",
    "colorTo": "835cc3"
    },
    {
    "type": "ParticleEffect",
    "line": true,
    "particles": 7,
    "lifetime": 125,
    "offset": 50,
    "length": 65,
    "baseLength": -65,
    "cone": 360,
    "interp": "pow3In",
    "sizeInterp": "pow5Out",  
    "strokeFrom": 0,
    "strokeTo": 1.6,    
    "lenFrom": 0,
    "lenTo": 6,
    "colorFrom": "bc93ff",
    "colorTo": "835cc3"
    },
    {
    "type": "ParticleEffect",
    "line": true,
    "particles": 7,
    "lifetime": 115,
    "offset": 50,
    "length": 55,
    "baseLength": -55,
    "cone": 360,
    "interp": "pow3In",
    "sizeInterp": "pow5Out",    
    "strokeFrom": 0,
    "strokeTo": 1.6,    
    "lenFrom": 0,
    "lenTo": 5,
    "colorFrom": "bc93ff",
    "colorTo": "835cc3"
 },
    {
    "type": "ParticleEffect",
    "particles": 1,
    "sizeFrom": 2,
    "sizeTo": 25,
    "length": 0,
    "spin": 7,
    "layer": 109,
    "lifetime": 135,
    "lightColor": "bc93ff",
    "region": "神恒之心-wide",
    "colorFrom": "bc93ff",
    "colorTo": "835cc3"
    },
    {
    "type": "ParticleEffect",
    "particles": 1,
    "sizeFrom": 2,
    "sizeTo": 17,
    "length": 0,
    "spin": -7,
    "layer": 109,
    "lifetime": 135,
    "lightColor": "bc93ff",
    "region": "神恒之心-tall",
    "colorFrom": "bc93ff",
    "colorTo": "835cc3"
    },
    {
    "type": "ParticleEffect",
    "particles": 1,
    "sizeFrom": 1,
    "sizeTo": 10,
    "length": 0,
    "lifetime": 135,
    "lightColor": "bc93ff",
    "colorFrom": "bc93ff",
    "colorTo": "835cc3",
    "cone": 360
    },
    {
    "type": "ParticleEffect",
    "particles": 1,
    "sizeFrom": 1,
    "sizeTo": 6,
    "length": 0,
    "lifetime": 135,
    "lightColor": "bc93ff",
    "colorFrom": "FFFFFFF",
    "colorTo": "FFFFFFF"
    }
    ]
    },
    
    "consumes": {
     "power": 55.5
}
    "powerUse" : 55.5,
	"hasPower" : true,
	"shootSound" : "lasershoot",
     "shootType" : {
     "type": "empBulletType",
     "sprite" : "神恒之心-plasma",
      "trailColor": "835cc3",
		"trailLength": 60,
		"trailWidth": 8,
		"trailParam": 5,
		"trailInterval": 30,
		"trailRotation": true,
		"trailEffect": {
			"type": "MultiEffect",
			"lifetime": 32,
			"layer": 105,
			"effects": [
				{
					"type": "ParticleEffect",
					"lightOpacity": 0,
					"length": 70,
					"cone": 0,
					"randLength": false,
					"sizeFrom": 45,
					"sizeTo": 45,
					"region": "神恒之心-wide",
					"particles": 1,
					"lifetime": 35,
					"colorFrom": "bc93ff",
					"colorTo": "835cc3",
					"spin": 6.5
				},
				{
					"type": "ParticleEffect",
					"lightOpacity": 0,
					"length": 70,
					"cone": 0,
					"randLength": false,
					"sizeFrom": 60,
					"sizeTo": 60,
					"region": "神恒之心-tall",
					"particles": 1,
					"lifetime": 35,
					"colorFrom": "bc93ff",
					"colorTo": "835cc3",
					"spin": -6.5
				}
			]
		},
/*"trailChance": 1,
        "trailRotation": true,
        "trailEffect": {
        "type": "ParticleEffect",
        "particles": 6,
        "sizeFrom": 15,
        "sizeTo": 8,
        "length": 0,
        "lifetime": 25,
        "colorFrom": "bc93ff",
        "colorTo": "835cc3"
        },*/
 "bulletInterval": 1,
    "intervalBullet": {
  "type": "ContinuousFlameBulletType",
    "damage": 12680,
    "width": 38.5,
"drawFlare": false,
     "hitEffect": {
    "type": "ParticleEffect",
    "line": true,
    "particles": 4,
    "lifetime": 405,
    "length": 355,
    "cone": -360,
    "strokeFrom": 2.5,
    "strokeTo": 0,
    "lenFrom": 45,
    "lenTo": 0,
    "colorFrom": "bc93ff",
    "colorTo": "835cc3"
    
        "divisions": 20,
    "length": 215,
    "drawSize": 350,
    "lifetime": 430,
    },
    
    "fragBullets": 4,
	"fragLifeMin": 0.6,
	"fragBullet": {
	"type": "basicBulletType",
    "sprite": "神恒之心-energy-partical",
    "hitEffect": {
    "type": "ParticleEffect",
    "line": true,
    "particles": 8,
    "lifetime": 285,
    "length": 105,
    "cone": -40,
    "lenFrom": 6,
    "lenTo": 6,
    "colorFrom": "bc93ff",
    "colorTo": "835cc3"    
    },
    "despawnEffect": {
    "type": "ParticleEffect",
    "particles": 1,
    "lifetime": 280,
    "length": 0,
    "interp": "swingIn",
    "spin": 7,
    "region": "神恒之心-energy-partical-back",
    "sizeFrom": 20,
    "sizeTo": 0,
    "colorFrom": "bc93ff",
    "colorTo": "835cc3"   
    },
    "homingPower": 0.07,
    "homingRange": 60,
    "homingDelay": 8,
    "trailColor": "835cc3",
    "trailLength": 24,
    "trailWidth": 4,
    "lifetime": 380,
    "damage": 43550,
    "statusDuration": 90,
    "status": "freezing",
    "speed": 6,
    "width": 50,
    "height": 50,
    "backColor": "835cc3",
    "frontColor": "bc93ff"
	        
    },
    },

    "hitSound": "plasmaboom",
    "hitColor": "bc93ff",
    "shrinkY": 0,
    "shrinkX": 0,
    "lightning": 29,
    "lightningDamage": 7850,
    "lightningColor": "bc93ff",
    "lightningCone": 360,
    "lightningLengthRand": 62,
    "lightningLength": 180,

    "speed": 3,
    "lifetime": 785,
    "damage": 187500,
    "height": 160,
    "width": 160,
    "radius": 60,
    "hitPowerEffect": {
    "type": "ParticleEffect",
    "line": true,
    "particles": 1,
    "lifetime": 15,
    "length": 720,
    "cone": -360,
    "lenFrom": 15,
    "lenTo": 15,
    "lightColor": "bc93ff",
    "colorFrom": "E1F2FFFF",
    "colorTo": "bc93ff"
    },
    "hitEffect": {
    "type": "multiEffect",
    "effects": [
    {
    "type": "ParticleEffect",
    "particles": 27,
    "sizeFrom": 36,
    "sizeTo": 1,
    "length": 90,
    "lifetime": 105,
    "lightOpacity": 0,
    "interp": "circleOut",
    "sizeInterp": "pow5In",
    "colorFrom": "66B1FFAa",
    "colorTo": "66B1FFAA",
    "cone": 360
    },
    {
    "type": "WaveEffect",
    "lifetime": 25,
    "sizeFrom": 0,
    "sizeTo": 190,
    "strokeFrom": 38,
    "strokeTo": 0,
    "colorFrom": "A9D8FF10",
    "colorTo": "835cc3"
    },
    {
    "type": "ParticleEffect",
    "offset": 210,
    "particles": 95,
    "lifetime": 210,
    "baseLength": 145,
    "length": 240,
    "interp": "circleOut",
    "sizeInterp": "pow5In",
    "cone": -360,
    "line": true,
    "strokeFrom": 6,
    "strokeTo": 0,
    "lenFrom": 84,
    "lenTo": 0,
    "lightColor": "bc93ff",
    "colorFrom": "E1F2FFFF",
    "colorTo": "bc93ff"
    },
    {
    "type": "ParticleEffect",
    "particles": 45,
    "sizeFrom": 46,
    "sizeTo": 1,
    "length": 100,
    "lifetime": 350,
    "interp": "circleOut",
    "sizeInterp": "pow5In",
    "lightColor": "bc93ff",
    "colorFrom": "E1F2FFFF",
    "colorTo": "bc93ff",
    "cone": 360
    },
    {
    "type": "ParticleEffect",
    "particles": 30,
    "offset": 58,
    "sizeFrom": 45,
    "sizeTo": 1,
    "length": 80,
    "lifetime": 80,
    "interp": "circleOut",
    "sizeInterp": "pow5In",
    "lightColor": "bc93ff",
    "colorFrom": "E1F2FFFF",
    "colorTo": "bc93ff",
    "cone": 360
    },
    {
    "type": "ParticleEffect",
    "particles": 70,
    "sizeFrom": 29,
    "sizeTo": 1.5,
    "length": 90,
    "lifetime": 120,
    "interp": "fastSlow",
    "lightColor": "bc93ff",
    "colorFrom": "E1F2FFFF",
    "colorTo": "bc93ff",
    "cone": 360
    },
    {
    "type": "ParticleEffect",
    "particles": 55,
    "sizeFrom": 38,
    "sizeTo": 1.5,
    "length": 150,
    "lifetime": 245,
    "interp": "fastSlow",
    "lightColor": "bc93ff",
    "colorFrom": "E1F2FFFF",
    "colorTo": "bc93ff",
    "cone": 360
    }
    ]
    },
    "homingRange": 130,
    "homingPower": 0.00567,
    "splashDamageRadius": 125,
    "splashDamage": 75480,
    "frontColor": "E1F2FFFF",
    "backColor": "835cc3",
	"fragBullets": 240,
	"fragLifeMin": 0.6,
	"fragBullet": {
    "type": "basicBulletType",
    "sprite": "神恒之心-energy-partical",
    "hitEffect": {
    "type": "ParticleEffect",
    "line": true,
    "particles": 8,
    "lifetime": 540,
    "length": 105,
    "cone": -40,
    "lenFrom": 6,
    "lenTo": 6,
    "colorFrom": "bc93ff",
    "colorTo": "835cc3"    
    },
    "despawnEffect": {
    "type": "ParticleEffect",
    "particles": 1,
    "lifetime": 280,
    "length": 0,
    "interp": "swingIn",
    "spin": 7,
    "region": "神恒之心-energy-partical-back",
    "sizeFrom": 20,
    "sizeTo": 0,
    "colorFrom": "bc93ff",
    "colorTo": "835cc3"   
    },
    "homingPower": 0.07,
    "homingRange": 150,
    "homingDelay": 29,
    "trailColor": "835cc3",
    "trailLength": 24,
    "trailWidth": 4,
    "lifetime": 380,
    "damage": 43550,
    "statusDuration": 90,
    "status": "freezing",
    "speed": 6,
    "width": 50,
    "height": 50,
    "backColor": "835cc3",
    "frontColor": "bc93ff"
	   
	},
/*"shootType" : {
    "type": "empBulletType",
     "sprite" : "神恒之心-plasma",
"trailChance": 1,
        "trailRotation": true,
        "trailEffect": {
        "type": "ParticleEffect",
        "particles": 1,
        "sizeFrom": 10,
        "sizeTo": 4,
        "length": 0,
        "lifetime": 15,
        "colorFrom": "835cc3",
        "colorTo": "66B1FF00"
        },
    "status": "神恒之心-high-energy-blast",
    "timeIncrease": 0,
    "powerDamageScl": 1,
    "powerSclDecrease": 0.1,
    "unitDamageScl": 0.5,
    "lightRadius": 60,
    "statusDuration": 200,
 "bulletInterval": 6,
    "intervalBullet": {
  "type": "ContinuousFlameBulletType",
    "damage": 40,
    "width": 5.5,
"drawFlare": false,
     "hitEffect": {
    "type": "ParticleEffect",
    "line": true,
    "particles": 7,
    "lifetime": 15,
    "length": 65,
    "cone": -360,
    "strokeFrom": 2.5,
    "strokeTo": 0,
    "lenFrom": 8,
    "lenTo": 0,
    "colorFrom": "bc93ff",
    "colorTo": "835cc3"
    },
    "divisions": 20,
    "length": 45,
    "drawSize": 350,
    "lifetime": 10,
    "status": "神恒之心-high-energy-blast",
    "statusDuration": 150
    },
  "chargeEffect": {
    "type": "multiEffect",
    "lifetime": 150,
    "effects": [
    {
    "type": "ParticleEffect",
    "line": true,
    "particles": 7,
    "lifetime": 130,
    "offset": 50,
    "length": 75,
    "baseLength": -75,
    "cone": 360,
    "interp": "pow3In",
    "sizeInterp": "pow5Out",    
    "strokeFrom": 0,
    "strokeTo": 1.6,    
    "lenFrom": 0,
    "lenTo": 7,
    "colorFrom": "bc93ff",
    "colorTo": "835cc3"
    },
    {
    "type": "ParticleEffect",
    "line": true,
    "particles": 7,
    "lifetime": 125,
    "offset": 50,
    "length": 65,
    "baseLength": -65,
    "cone": 360,
    "interp": "pow3In",
    "sizeInterp": "pow5Out",  
    "strokeFrom": 0,
    "strokeTo": 1.6,    
    "lenFrom": 0,
    "lenTo": 6,
    "colorFrom": "bc93ff",
    "colorTo": "835cc3"
    },
    {
    "type": "ParticleEffect",
    "line": true,
    "particles": 7,
    "lifetime": 115,
    "offset": 50,
    "length": 55,
    "baseLength": -55,
    "cone": 360,
    "interp": "pow3In",
    "sizeInterp": "pow5Out",    
    "strokeFrom": 0,
    "strokeTo": 1.6,    
    "lenFrom": 0,
    "lenTo": 5,
    "colorFrom": "bc93ff",
    "colorTo": "835cc3"
 },
    {
    "type": "ParticleEffect",
    "particles": 1,
    "sizeFrom": 2,
    "sizeTo": 25,
    "length": 0,
    "spin": 7,
    "layer": 109,
    "lifetime": 135,
    "lightColor": "bc93ff",
    "region": "神恒之心-wide",
    "colorFrom": "bc93ff",
    "colorTo": "835cc3"
    },
    {
    "type": "ParticleEffect",
    "particles": 1,
    "sizeFrom": 2,
    "sizeTo": 17,
    "length": 0,
    "spin": -7,
    "layer": 109,
    "lifetime": 135,
    "lightColor": "bc93ff",
    "region": "神恒之心-tall",
    "colorFrom": "bc93ff",
    "colorTo": "835cc3"
    },
    {
    "type": "ParticleEffect",
    "particles": 1,
    "sizeFrom": 1,
    "sizeTo": 10,
    "length": 0,
    "lifetime": 135,
    "lightColor": "bc93ff",
    "colorFrom": "bc93ff",
    "colorTo": "835cc3",
    "cone": 360
    },
    {
    "type": "ParticleEffect",
    "particles": 1,
    "sizeFrom": 1,
    "sizeTo": 6,
    "length": 0,
    "lifetime": 135,
    "lightColor": "bc93ff",
    "colorFrom": "FFFFFFF",
    "colorTo": "FFFFFFF"
    }
    ]
  },
    "hitSound": "plasmaboom",
    "hitColor": "bc93ff",
    "shrinkY": 0,
    "shrinkX": 0,
    "lightning": 7,
    "lightningDamage": 50,
    "lightningColor": "bc93ff",
    "lightningCone": 360,
    "lightningLengthRand": 11,
    "lightningLength": 5,

    "speed": 3,
    "lifetime": 120,
    "damage": 3685,
    "height": 25,
    "width": 25,
    "radius": 60,
    "hitPowerEffect": {
    "type": "ParticleEffect",
    "line": true,
    "particles": 6,
    "lifetime": 22,
    "length": 80,
    "cone": -360,
    "lenFrom": 6,
    "lenTo": 6,
    "lightColor": "bc93ff",
    "colorFrom": "E1F2FFFF",
    "colorTo": "bc93ff"
    },
    "hitEffect": {
    "type": "multiEffect",
    "effects": [
    {
    "type": "ParticleEffect",
    "particles": 15,
    "sizeFrom": 17,
    "sizeTo": 1,
    "length": 90,
    "lifetime": 105,
    "lightOpacity": 0,
    "interp": "circleOut",
    "sizeInterp": "pow5In",
    "colorFrom": "66B1FFAa",
    "colorTo": "66B1FFAA",
    "cone": 360
    },
    {
    "type": "WaveEffect",
    "lifetime": 25,
    "sizeFrom": 0,
    "sizeTo": 100,
    "strokeFrom": 7,
    "strokeTo": 0,
    "colorFrom": "A9D8FF10",
    "colorTo": "835cc3"
    },
    {
    "type": "ParticleEffect",
    "offset": 30,
    "particles": 30,
    "lifetime": 30,
    "baseLength": 85,
    "length": 120,
    "interp": "circleOut",
    "sizeInterp": "pow5In",
    "cone": -360,
    "line": true,
    "strokeFrom": 2,
    "strokeTo": 0,
    "lenFrom": 8,
    "lenTo": 0,
    "lightColor": "bc93ff",
    "colorFrom": "E1F2FFFF",
    "colorTo": "bc93ff"
    },
    {
    "type": "ParticleEffect",
    "particles": 15,
    "sizeFrom": 13,
    "sizeTo": 1,
    "length": 100,
    "lifetime": 90,
    "interp": "circleOut",
    "sizeInterp": "pow5In",
    "lightColor": "bc93ff",
    "colorFrom": "E1F2FFFF",
    "colorTo": "bc93ff",
    "cone": 360
    },
    {
    "type": "ParticleEffect",
    "particles": 20,
    "offset": 50,
    "sizeFrom": 18,
    "sizeTo": 1,
    "length": 60,
    "lifetime": 80,
    "interp": "circleOut",
    "sizeInterp": "pow5In",
    "lightColor": "bc93ff",
    "colorFrom": "E1F2FFFF",
    "colorTo": "bc93ff",
    "cone": 360
    },
    {
    "type": "ParticleEffect",
    "particles": 20,
    "sizeFrom": 5,
    "sizeTo": 1.5,
    "length": 90,
    "lifetime": 55,
    "interp": "fastSlow",
    "lightColor": "bc93ff",
    "colorFrom": "E1F2FFFF",
    "colorTo": "bc93ff",
    "cone": 360
    },
    {
    "type": "ParticleEffect",
    "particles": 15,
    "sizeFrom": 5,
    "sizeTo": 1.5,
    "length": 100,
    "lifetime": 55,
    "interp": "fastSlow",
    "lightColor": "bc93ff",
    "colorFrom": "E1F2FFFF",
    "colorTo": "bc93ff",
    "cone": 360
    }
    ]
    },
    "homingRange": 70,
    "homingPower": 0.00567,
    "splashDamageRadius": 54,
    "splashDamage": 276,
    "frontColor": "E1F2FFFF",
    "backColor": "835cc3",
	"fragBullets": 8,
	"fragLifeMin": 0.6,
	"fragBullet": {
    "type": "basicBulletType",
    "sprite": "神恒之心-energy-partical",
    "hitEffect": {
    "type": "ParticleEffect",
    "line": true,
    "particles": 8,
    "lifetime": 26,
    "length": 35,
    "cone": -40,
    "lenFrom": 6,
    "lenTo": 6,
    "colorFrom": "bc93ff",
    "colorTo": "835cc3"    
    },
    "despawnEffect": {
    "type": "ParticleEffect",
    "particles": 1,
    "lifetime": 40,
    "length": 0,
    "interp": "swingIn",
    "spin": 7,
    "region": "神恒之心-energy-partical-back",
    "sizeFrom": 20,
    "sizeTo": 0,
    "colorFrom": "bc93ff",
    "colorTo": "835cc3"   
    },
    "homingPower": 0.07,
    "homingRange": 60,
    "homingDelay": 8,
    "trailColor": "66B1FFAA",
    "trailLength": 8,
    "trailWidth": 2,
    "lifetime": 30,
    "damage": 60,
    "statusDuration": 90,
    "status": "freezing",
    "speed": 6,
    "width": 21,
    "height": 21,
    "backColor": "66B1FFAA",
    "frontColor": "bc93ff"
	    
	}
	},*/
	}
   "requirements":[
       {"item":"surge-alloy","amount":1500},
       {"item":"无恒锭","amount":250},
       {"item":"无神核能心","amount":250}
   ],
   "research":"foreshadow"
}