{
   "type":"itemTurret",
   "name":"空预",
   "description":"双管炮的一生，这多么的快乐，哈哈哈！
双管炮(原版)他的弟弟"
   "category":"turret",
   "requirements":[
       {"item":"surge-alloy","amount":10},
       {"item":"copper","amount":350},
       {"item":"silicon","amount":250},
       {"item":"metaglass","amount":50},
       {"item":"graphite","amount":75}
   ],
   "shoot": {
                "shots": 2,
                "shotDelay":2,
                "type":"ShootBarrel",
	            "barrels":[
        2,0,0,
        -2,0,0,
    ]
    }
   "consumes": {
       "power": 2.5
   }
   "ammoTypes": {
      "copper": {
      "type": "standardCopper",
      "speed":3.00
      "damage": 250,
      "knockback": 0.80,
      "lifetime": 500.00,
      "width": 12.00,
      "height": 12.00,
      "collidesTiles": false,
      		"pierce":false,
		"bulletWidth": 26,
		"bulletHeight": 26,
		"lifetime":500,
        "homingPower": 45,
        "homingRange": 45,
        "status": "shocked"
        "fragBullets":20,
        "fragBullet":
{
        "type": "standardCopper",
        "speed":3.00,
        "lifetime":340,
        "bulletWidth": 12,
		"bulletHeight": 12,
        "damage":75
        "homingPower": 100,
        "homingRange": 100,
        "status": "shocked"
        "backColor":"B7FFFFFF",	
        "frontColor":"B7FFFFFF",
 	    "heatColor":"B7FFFFFF",
	    "trailColor":"B7FFFFFF",
}
        "drag":0.03,
        "backColor":"B7FFFFFF",	
        "frontColor":"B7FFFFFF",
 	    "heatColor":"B7FFFFFF",
	    "trailColor":"B7FFFFFF",
        "hitShake": 6,
        "ammoMultiplier": 2,
	    "smokeEffect": "shootBigSmoke2",
	    "hitEffect":"shockwave"
 }

	},
   "spread": 4.00,
    "shots": 2,
    "alternate": true,
    "reload": 2.0,
    "restitution": 0.03,
    "range": 200,
    "shootCone": 30.00,
    "health": 1250,
    "inaccuracy": 0.10,
    "rotateSpeed": 20.00
    "research":"duo"
}