{
	"type":"PowerTurret",
	//其他不会写，给你个思路补充啥的交给你，就是个千里之外取敌人首级的炮台，追踪拉满，大概缺少材料和伤害的代码懒得写了，还有可以考虑分裂，击中敌人分裂小子弹像加啥加啥吧，我懒得写
	"name":"审寂",
	"description":"审判黑暗让光无处不在",
	"size":16,
	"health":320000,
	"range": 1890,
   "consumes": {
       "power": 3000.0
}
	"shootType" : {
	"speed":15
        "height": 20,
        "width": 20,
		"targetAir":true,
	"targetGround":true,
	"alternate":true,
	"damage":3850,
	"inaccuracy":15,
	"reloadTime":250,
	"hasPower":true,
	"powerUse":3000,
	"homingPower": 50.25,
	//耗电量
	"rotateSpeed":14,
	//炮台转动速度
	"range":1580,
	"homingPower":450,
	//追踪力度
	"homingRange": 1250,
	"shots":2,
	"spread":120.50,
	//炮口间隔自己对吧
	"pierce":true,
	//穿透
	"lifetime": 3500
			"inaccuracy":1,
			"fragBullets":10,
			//分裂10个弹药
			"lightningDamage":1250,
			"lightning":10,
            "lightningLength":25,
	"homingPower":150,
}
	"requirements": [
		{ "item": "copper", "amount": 10000},
		{ "item": "silicon", "amount": 10000 },
		{ "item": "graphite", "amount": 10000 },
		{ "item": "titanium", "amount": 10000 },
		{ "item": "copper", "amount": 10000 },
		{ "item": "lead", "amount": 10000 }, 
		{"item":"phase-fabric","amount":10000},
		{ "item": "surge-alloy", "amount": 10000},
		],
   "category": "turret",
   "research":"foreshadow"
}