{
   "type":"itemTurret",
   "name":"？",
   "category":"turret",
   "requirements":[
       {"item":"surge-alloy","amount":1500},
       {"item":"无恒锭","amount":250},
       {"item":"无神核能心","amount":250}
   ],

   "consumes": {
       "power": 25.5
}
     
     "ammoTypes": {
     "无恒锭":{
		"type" : "PointBulletType",
        "damage": 8500000
        "length": 1500
            "type": "PointBulletType",
            "trailSpacing": 20.0,
            "speed": 500,
            "hitShake": 6.0,
            "ammoMultiplier": 1,
            "shootEffect": "instShoot",
            "hitEffect": "instHit",
            "trailEffect": "instTrail",
            "despawnEffect": "instBomb",
            "smokeEffect": "smokeCloud"
        }
    }
   "size":15,
   "spread":1.00,
   "shots":1,
   "alternate":true,
   "reloadTime":250,
   "restitution":0.03,
   "range":1500,
   "shootCone":4500.00,
   "health":285000,
   "inaccuracy":0.00,
   "rotateSpeed":1.20,
   
   "research":"foreshadow"
}