{
    "type": "NuclearReactor",
    "name": "t2钍反应堆",
    "category": "power",
    "description" : "嗯!?"
    "requirements": [
        "lead/1350","silicon/400","graphite/350","thorium/890","metaglass/285"
    ],
    "size": 4,
    "health": 2100,
    "itemDuration": 720.00,
    "powerProduction": 45.80,
    "heating": 0.02,
    "consumes": {
        "item": "thorium",
        "liquid": {
            "liquid": "cryofluid",
            "amount": 0.035,
            "update": false
        }
    }
    "research" : "thorium-reactor",
}
//heating: 每帧加热(heating * 物品数量(fullness??))
//consumes.liquid.liquid: 消耗的液体
//consumes.liquid.amount: 使用液体容量(* 60)
//consumes.*.update: ?