{
    "type": "NuclearReactor",
    "name": "极柳反应堆",
    "category": "power",
    "description" : "嗯!?"
    "requirements": [
        "lead/4550","silicon/2400","graphite/1250","thorium/1390","metaglass/1285"
    ],
    "size": 5,
    "health": 6000,
    "itemDuration": 920.00,
    "powerProduction": 189.75,
    "heating": 0.04,
    "consumes": {
        "item": "thorium",
        "liquid": {
            "liquid": "cryofluid",
            "amount": 0.045,
            "update": false
        }
    }
    "research" : "t2钍反应堆",
}
//heating: 每帧加热(heating * 物品数量(fullness??))
//consumes.liquid.liquid: 消耗的液体
//consumes.liquid.amount: 使用液体容量(* 60)
//consumes.*.update: ?