{
    "type": "ImpactReactor",
    "name": "电厂",
    "category": "power",
    "requirements": [
        "无恒锭/500","silicon/300","graphite/400","thorium/100","surge-alloy/250",
        "metaglass/250"
    ],
    "size": 16,
    "health": 12900,
    "powerProduction": 8920.80,
    "itemDuration": 1800,
    "consumes": {
        "power": 25.00,
        "item": "无神核能心",
        "liquid": "H–次数液/0.25"
    }
    "buildCostMultiplier":3,
    "destroyBullet":{ 
	"type":"BasicBulletType",
	"width": 30,	"height":30,
	"hitShake": 6,
	"damage":8500,
	"sprite":"circle-bullet",  
    "shrinkY":0,
    "speed":0,
    "lifetime":90,
    "collides":false,
	"despawnEffect":{"type": "WaveEffect",
    "lifetime": 23,
    "sizeFrom": 4,"sizeTo": 160,
    "strokeFrom":6,"strokeTo":0,
    "colorFrom":"EDF3A9FF",
    "colorTo": "EDF3A9FF"},
    "hitEffect":"none",
    "frontColor":"FFFFFF",
    "backColor":"EDF3A9FF",
	"shootEffect":"none",
	"smokeEffect":"none",
    "fragLifeMin":1,
    "fragBullets":880,
	"fragBullet":{
  "type":"BasicBulletType",
	"height": 50,"width":16,
	"damage":-8500,
    "shrinkY":0,
    "absorbable":false,
	"homingPower":0.08,
    "homingRange": 300, 
	"speed":3,"lifetime":550,
    "collidesTeam":true,
	"status":"electrified",
	"statusDuration":600,
    "frontColor":"EDF3A9FF",	
    "backColor":"EDF3A9FF",
    "trailLength":6,
	"trailWidth":2,
    "trailColor":"EDF3A9FF", 
    "shootEffect":"none",
    "smokeEffect": "none",
	"hitSound":"none",
	"despawnEffect":{"type": "WaveEffect",
    "lifetime": 13,
    "sizeFrom": 2,"sizeTo": 15,
    "strokeFrom":6,"strokeTo":0,
    "colorFrom":"EDF3A9FF",
    "colorTo": "EDF3A9FF"},
	"hitEffect":
    {"type": "WaveEffect",
    "lifetime": 13,
    "sizeFrom": 2,"sizeTo": 15,
    "strokeFrom":6,"strokeTo":0,
    "colorFrom":"EDF3A9FF",
    "colorTo": "EDF3A9FF"}
    }
    },
    "explosionRadius":150,
    "lightColor":"EDF3A9FF"
	"coolColor":"EDF3A9FF"
	"hotColor":"EDF3A9FF"
    "research" : "极柳反应堆",
}