{
    "type": "UnitFactory",
    "name": "㻰星兵工厂",
    "category": "units",
    "requirements": [
        "copper/250","lead/120","silicon/350"
    ],
    "health" : 2000,
    "plans": [
        {
            "unit": "修理兵",
            "time": 400.00,
            "requirements": [ "silicon/20","lead/15","titanium/15" ]
        },{
            "unit": "斩风",
            "time": 650.00,
            "requirements": [ "silicon/45","thorium/20""metaglass/10" ]
        },{
            "unit": "蚫子",
            "time": 125.50,
            "requirements": [ "silicon/1" ]
        },{
            "unit": "MusTert",
            "time": 650.00,
            "requirements": ["silicon/25","metaglass/25","copper/25" ]
        }
    ],
    "size": 3,
    "consumes": {
        "power": 1.20
    }
    "research": "core-nucleus",
}