{
    "type": "UnitFactory",
    "name": "帝华神兵工厂",
    "category": "units",
    "requirements": [
        "copper/88800","lead/85000","silicon/98800","metaglass/68500","titanium/48560","thorium/48950","plastanium/58870","surge-alloy/37500","phase-fabric/58790"
    ],
    "health" : 15978000,
    "plans": [
        {
            "unit": "1",
            "time": 20000.00,
            "requirements": [ "silicon/280000","lead/150000","titanium/150000","titanium/150000","surge-alloy/89600","phase-fabric/58000","metaglass/125000","plastanium/75800" ]
        },{
            "unit": "帝神-狐幽",
            "time": 22450.00,
            "requirements": [ "silicon/280000","lead/150000","titanium/150000","titanium/150000","surge-alloy/89600","phase-fabric/58000","metaglass/125000","plastanium/75800" ]
        },{
            "unit": "帝神-极森",
            "time": 21850.00,
            "requirements": [ "silicon/280000","lead/150000","titanium/150000","titanium/150000","surge-alloy/89600","phase-fabric/58000","metaglass/125000","plastanium/75800" ]
        }
    ],
    "size": 16,
    "consumes": {
        "power": 85.95,
    }
    "research": "㻰星兵工厂",
}