{
"type": "Drill",
"name":"H钻头"
"description":"这就是你想要的"
"size": 4
"health": 2000
"tier": 1000
"drillTime":0.01
"buildCostMultiplier":0.05
"drillEffect": "flakExplosionBig",
"updateEffect": "mineHuge",
"drawMineItem":true,
"canOverdrive": false,
"drawRim":true,
"rotateSpeed":10.5
"liquidBoostIntensity": 12.95,
"consumes": {
		"power": 0.5
  "liquid": {
        "liquid": "water"
        "amount": 0.05
        "optional":true
       }
},
"requirements": [
{"item": "copper", "amount":1 }
],
"category": "production",
"research":"mechanical-drill"
}