{
	"name":"神恒核心",
	"description":"可怕的究极核心,可怕的血量,可怕的兵类数量
[grey]在二十万年前,三个人一起谈论如何<神恒核心>的问题要求,但三个人的实力有限...他们连续十几年做了<神恒核心>的材料蓝图,他们看到了他们做出了辉煌的蓝图并开心.可是他们变老了..
[grey]十万年前,神秘的人有生命长身但身上克鲁神皮肤(114514岁),看到了留下了一个珍贵的蓝图,并观察一下蓝图介绍,看完后非常满意,它又看到了三个人的遗地,做出了尊重死去的人们的动作.它想做一个像三个人做出了辉煌.
几十年后,它放下笔,拿起它的蓝图并很满意,留下了在三个人的秘密实验室.最后它走了.",
	"type": "CoreBlock",
	"itemCapacity":25000000,
	//容量
	"hasItems": true,
	"health":85760000,
	//生命
	"unitCapModifier":1000,
	"unitType":"胜圣",
	//出生机甲
	"size":16,
	//占地边长支持1~9对应贴图1x1=32x32像素.
	"requirements": [
	    "silicon/60000",
	    "thorium/88000",
	    "lead/292000",
	    "copper/300000",
	    "titanium/80000"],//建造消耗,第一个""之间写矿物,第二个:后写数量
	"category": "effect",
	"research": "超代核心"//科技树前一项默认仓库
}