{
	"name":"超代核心",
	"description":"基地的核心，各项属性极高……",
	"type": "CoreBlock",
	"itemCapacity":50000,
	//容量
	"hasItems": true,
	"health":16000,
	//生命
	"unitCapModifier":50,
	"unitType":"截塔",
	//出生机甲
	"size":6,
	//占地边长支持1~9对应贴图1x1=32x32像素.
	"requirements": [
	    "silicon/6000",
	    "thorium/8000",
	    "lead/12000",
	    "titanium/10000"],//建造消耗,第一个""之间写矿物,第二个:后写数量
	"category": "effect",
	"research": "core-nucleus"//科技树前一项默认仓库
}