{
	"type": "GenericCrafter",
	"health": 1750,
	"name": "t2巨浪合金厂",
	"description": "?????,
	"liquidCapacity":10,
	"itemCapacity": 20,
	"size": 3,
	"hasPower": true,
	"hasLiquids": true,
	"hasItems": true,
	"craftTime": 90,
	"updateEffect":"none",
	"drawer":{
        "type":"DrawMulti",
        "drawers":[
            "DrawDefault",
			"DrawFlame"
            ]
    },
	"consumes": {
	"power": 2.5,
	"items": {	"items": [
	       { "item":"copper","amount":2},
           {"item":"lead","amount":2},
           {"item":"thorium","amount":2},
           {"item":"silicon","amount":2} ]
		}
	},
	"outputItem":{"item":"surge-alloy","amount":5}
	"requirements": [
	   { "item":"copper", "amount":1200 },
       { "item":"lead", "amount":1200 },
       { "item":"graphite", "amount":800 },
       { "item":"metaglass", "amount":450 },
       { "item":"titanium", "amount":1000 },
       { "item":"thorium", "amount":1000 },
       { "item":"silicon", "amount":220 },
       { "item":"plastanium", "amount":150 },
       { "item":"phase-fabric", "amount":1250 },
       { "item":"surge-alloy", "amount":100 }
		],
	"category": "crafting",
	"research": "alloy-smelter"
}