{
  "name":"t2布厂"
  "type":"GenericCrafter"
  "description":"布厂加强,但牺牲了消耗物品",
  "itemCapacity":60,
  
  "health":2600,
  "size":3,
  "hasPower":true,
  "hasItems":true,
  "drawer": {
    "type": "t2布厂-top",
    "flameColor": "ffef99"
    }
  
  "craftTime":150,
  "updateEffect":"none",
  "drawer":{
        "type":"DrawMulti",
        "drawers":[
            "DrawDefault",
			"DrawFlame"
            ]
    },
     "consumes":{
     "power":1.15,
     "items": {
       "items": [
           { "item":"thorium","amount":6 },
           { "item":"sand","amount":9 },
        ]
},

  },
  "outputItem":{"item":"phase-fabric","amount":10}
    
    "requirements": [
       { "item":"copper", "amount":650 },
       { "item":"lead", "amount":650 },
       { "item":"graphite", "amount":100 },
       { "item":"titanium", "amount":450 },
       { "item":"thorium", "amount":510 },
       { "item":"silicon", "amount":395 },
       { "item":"phase-fabric", "amount":60 },
    ],
    "category": "crafting",
    "idleSound": "respawning",
    "research": "phase-weaver",
    "idleSoundVolume":1
}