{
    "type": "GenericCrafter",
    "name": "t2石墨厂",
    "category": "crafting",
    "requirements": [
        "copper/230","lead/355","graphite/185","silicon/200","thorium/150","titanium/195","metaglass/75",
    ],
    "outputItem": "graphite/4",
    "craftTime": 125.60,
    "size": 3,
    "hasPower": true,
    "hasLiquids": false,
    "consumes": {
        "items": {
            "items": [
                "coal/3",
            ]
        },
        "power": 1.26
    }
    "research": "multi-press",
}