{
  "name":"分子玻璃厂"
  "type":"GenericCrafter"
  "description":"[white]玻璃厂加强，铅多，生产也多([yellow]感谢晚安(励志gansi白猫)贴图[white])",
  "itemCapacity":20,
  
  "health":1200,
  "size":2,
  "hasPower":true,
  "hasLiquids":true,
  "hasItems":true,
  
  "craftTime":40
  "updateEffect":"none",
     "consumes":{
     "power":1.5,
     "items": {
       "items": [
           {"item":"lead","amount":2},
        ]
},

            "liquid":{
               "liquid":"water",
               "amount":0.25
         }
  },
  "liquidCapacity":10,

  "outputItem":{"item":"metaglass","amount":5}

  "consumes": {
        "power": 0.65,
        "liquid": "water/0.05"
    }
    "requirements": [
       { "item":"titanium", "amount":30 },
       { "item":"lead", "amount":45 },
       { "item":"silicon", "amount":25 },
       {"item":"graphite","amount":30}
       {"item":"metaglass","amount":15}
       
    ],
    "category": "crafting",
    "idleSound": "respawning",
    "research": "kiln",
    "idleSoundVolume":0.5
}