{
	"type": "GenericCrafter",
	"health": 25000,
	"name": "无恒锭工厂",
	"description": "花杨永瀛，我TM谢谢你。这厂需求和材料这些玩意都便宜吗？,
	"liquidCapacity":1000,
	"itemCapacity": 5000,
	"size": 5,
	"hasPower": true,
	"hasLiquids": true,
	"hasItems": true,
	"craftTime": 85,
	"updateEffect":"none",
	"drawer":{
        "type":"DrawMulti",
        "drawers":[
            "DrawDefault",
			"DrawFlame"
            ]
    },
	"consumes": {
	"power": 4.5,
	"items": {	"items": [
	       { "item":"copper","amount":200},
           {"item":"lead","amount":200},
           {"item":"sand","amount":200},
           {"item":"coal","amount":200},
           {"item":"scrap","amount":200},
           {"item":"metaglass","amount":200},
           {"item":"graphite","amount":200},
           {"item":"titanium","amount":200},
           {"item":"thorium","amount":200},
           {"item":"silicon","amount":200},
           {"item":"plastanium","amount":200},
           {"item":"phase-fabric","amount":200},
           {"item":"surge-alloy","amount":200},
           {"item":"spore-pod","amount":200},
           {"item":"blast-compound","amount":200},
           {"item":"pyratite","amount":200}	]
		}
            "liquid":{
               "liquid":"water",
               "amount":0.5
               }
        },
        	"outputItem": {"item": "无恒锭", "amount": 100 },
	"requirements": [
	   { "item":"copper", "amount":5800 },
       { "item":"lead", "amount":5800 },
       { "item":"graphite", "amount":5800 },
       { "item":"metaglass", "amount":5000 },
       { "item":"titanium", "amount":5800 },
       { "item":"thorium", "amount":5800 },
       { "item":"silicon", "amount":5200 },
       { "item":"plastanium", "amount":4500 },
       { "item":"phase-fabric", "amount":3000 },
       { "item":"surge-alloy", "amount":3520 }
		],
	"category": "crafting",
	"research": "alloy-smelter"
}