{
	"type": "GenericCrafter",
	"health": 25000,
	"name": "无神核能心工厂",
	"description": "那一天，敌人们想起来无神核能心的恐惧。",
	"outputItem": {"item":"无神核能心","amount":100	},
	"liquidCapacity":1000,
	"itemCapacity": 500,
	"size": 2,
	"hasPower": true,
	"hasLiquids": true,
	"hasItems": true,
	"craftTime": 85,
	"updateEffect":"none"
	"consumes": {
	"power": 5,
	"items": {	"items": [
	{ "item":"无恒锭","amount":10},
    {"item":"blast-compound","amount":250},
    {"item":"pyratite","amount":250},	]
		}
		"liquid":{
               "liquid":"water",
               "amount":0.5
         }
	}
	"requirements": [
		{ "item":"surge-alloy", "amount":450 },
       {"item":"无恒锭","amount":200},
       {"item":"metaglass","amount":1100},
       {"item":"titanium","amount":750},
       {"item":"thorium","amount":800},
       {"item":"silicon","amount":1000},
       {"item":"plastanium","amount":500},
       {"item":"phase-fabric","amount":240},
		],
	"category": "crafting",
	"research": "无恒锭工厂"
}