{
	"type": "GenericCrafter",
	"health": 360,
	"name": "棱镜工厂",
	"description": "?????",
	"outputItem": {"item": "棱镜", "amount": 2	},
	"itemCapacity": 10,
	"size": 2,
	"hasPower": true,
	"hasLiquids": false,
	"hasItems": true,
	"craftTime": 65,
	"updateEffect":"none",
	"drawer":{
        "type":"DrawMulti",
        "drawers":[
            "DrawDefault",
			"DrawFlame"
            ]
    },
	"consumes": {
	"power": 1.5,
	"items": {	"items": [
	{ "item": "metaglass", "amount": 1 }	]
		}
		"liquid":{
               "liquid":"water",
               "amount":0.4
               }
	},
	"requirements": [
		{ "item":"copper", "amount":40 },
        { "item":"lead", "amount":25 },
        { "item":"silicon", "amount":25 },
        {"item":"titanium","amount":15},
        {"item":"metaglass","amount":10}
		],
	"category": "crafting",
	"research": "kiln"
}