{
	"type": "GenericCrafter",
	"health": 360,
	"name": "潜铁板工厂",
	"description": "?????",
	"outputItem": {"item": "潜铁板", "amount": 2	},
	"itemCapacity": 20,
	"size": 2,
	"hasPower": true,
	"hasLiquids": false,
	"hasItems": true,
	"craftTime": 85,
	"updateEffect":"none",
	"drawer":{
        "type":"DrawMulti",
        "drawers":[
            "DrawDefault",
			"DrawFlame"
            ]
    },
	"consumes": {
	"power": 1.5,
	"items": {	"items": [
	{ "item": "silicon", "amount": 1 },
	{ "item": "copper", "amount": 1 }	]
		}
	},
	"requirements": [
		{ "item":"copper", "amount":35 },
        { "item":"lead", "amount":15 },
        { "item":"silicon", "amount":25 },
        {"item":"titanium","amount":10}
		],
	"category": "crafting",
	"research": "silicon-smelter"
}