{
	"type": "GenericCrafter",
	"health": 360,
	"name": "胶心硅厂",
	"description": "[white]硅厂加强，沙子/煤多，生产也多([yellow]感谢晚安(励志gansi白猫)贴图[white])",
	"outputItem": {"item": "silicon", "amount": 6	},
	"itemCapacity": 20,
	"size": 2,
	"hasPower": true,
	"hasLiquids": false,
	"hasItems": true,
	"craftTime": 85,
	"updateEffect":"none",
	"drawer":{
        "type":"DrawMulti",
        "drawers":[
            "DrawDefault",
			"DrawFlame"
            ]
    },
	"consumes": {
	"power": 1.5,
	"items": {	"items": [
	{ "item": "coal", "amount": 2 },
	{ "item": "sand", "amount": 2 }	]
		}
	},
	"requirements": [
		{ "item":"copper", "amount":25 },
        { "item":"lead", "amount":25 },
        { "item":"silicon", "amount":20 },
        {"item":"graphite","amount":30}
		],
	"category": "crafting",
	"research": "silicon-smelter"
}