{
   "type":"wall",
   "name":"无尽墙",
   "description":"呦吼？听说你们都♂很♂勇？让我♂康♂康！",
   "health":500000,
   "size":2,
   "requirements":[
      {"item":"无恒锭","amount":1}
   ],
   "category":"defense"
   "research":"无尽墙"
   "lightningChance":0.75
   "lightningDamage":150
   "lightningLength":200
   "healPercent":100
   "deflect" :true
   "reload":3
   "healp":35
   "range":10
   "buildCostMultiplier":3
  "canOverdrive":false
  "chanceDeflect":85
    "category": "defense",
    "idleSound": "respawning",
    "research": "large-surge-wall",
    "idleSoundVolume":1
}  