{
   "type":"wall",
   "name":"泰合大墙",
   "description":"?????",
   "health":8360,
   "size":2,
   "requirements":[
      {"item":"phase-fabric","amount":7},
      {"item":"silicon","amount":8},
      {"item":"潜铁板","amount":4}
   ]
   "buildCostMultiplier":3
  "canOverdrive":false
  "lightningChance":0.75
   "lightningDamage":145
   "lightningLength":24
  "deflect" :true
    "category": "defense",
    "idleSound": "respawning",
    "research": "large-surge-wall",
    "idleSoundVolume":1
}  